,GENBANK_REFERENCE,CATALOGUE_NAME,CATALOGUE_VERSION,CATALOGUE_GRAMMAR,PREDICTION_VALUES,DRUG,MUTATION,PREDICTION,SOURCE,EVIDENCE,OTHER
0,NC00962.3,RIF-0.1-0.9,0.0,GARC1,RUS,RIF,rpoB@c-61t,S,{},"{""proportion"": 0.009201748332183115, ""confidence"": [0.007106179513337637, 0.011907876180285028], ""p_value"": 5.504716734225912e-140, ""contingency"": [[40, 4307], [500, 23397]]}",{}
1,NC00962.3,RIF-0.1-0.9,0.0,GARC1,RUS,RIF,rpoB@2546_ins_cgagga,S,{},"{""proportion"": 0.0, ""confidence"": [0.0, 0.040559499465846936], ""p_value"": 0.002539210099345383, ""contingency"": [[0, 64], [500, 23397]]}",{}
2,NC00962.3,RIF-0.1-0.9,0.0,GARC1,RUS,RIF,rpoB@L449Q,S,{},"{""proportion"": 0.0, ""confidence"": [-3.2806000178313e-18, 0.05443142285717214], ""p_value"": 0.012831190294214173, ""contingency"": [[0, 47], [500, 23397]]}",{}
3,NC00962.3,RIF-0.1-0.9,0.0,GARC1,RUS,RIF,rpoB@N381H,S,{},"{""proportion"": 0.0, ""confidence"": [-3.3516792399048848e-18, 0.03394423194233169], ""p_value"": 0.0004637666338904807, ""contingency"": [[0, 77], [500, 23397]]}",{}
4,NC00962.3,RIF-0.1-0.9,0.0,GARC1,RUS,RIF,rpoB@K944E,S,{},"{""proportion"": 0.0, ""confidence"": [-3.3122297331302666e-18, 0.04531477811897932], ""p_value"": 0.0060367655708332135, ""contingency"": [[0, 57], [540, 27905]]}",{}
5,NC00962.3,RIF-0.1-0.9,0.0,GARC1,RUS,RIF,rpoB@V113I,S,{},"{""proportion"": 0.020833333333333332, ""confidence"": [0.004661559723664985, 0.08813980149940169], ""p_value"": 0.08658739360114262, ""contingency"": [[1, 47], [540, 27905]]}",{}
445,NC00962.3,RIF-0.1-0.9,0.0,GARC1,RUS,RIF,rpoB@*=,S,{},"{""default_rule"": ""True""}",{}
6,NC00962.3,RIF-0.1-0.9,0.0,GARC1,RUS,RIF,rpoB@S450L,R,{},"{""proportion"": 0.9791393335082655, ""confidence"": [0.9762717855983216, 0.9816668467034301], ""p_value"": 0.0, ""contingency"": [[7463, 159], [541, 28009]]}",{}
7,NC00962.3,RIF-0.1-0.9,0.0,GARC1,RUS,RIF,rpoB@D435V,R,{},"{""proportion"": 0.9795008912655971, ""confidence"": [0.9713024677218365, 0.9853923812210119], ""p_value"": 0.0, ""contingency"": [[1099, 23], [541, 28009]]}",{}
8,NC00962.3,RIF-0.1-0.9,0.0,GARC1,RUS,RIF,rpoB@H445Y,R,{},"{""proportion"": 0.986013986013986, ""confidence"": [0.9731852739666225, 0.9927508978591185], ""p_value"": 0.0, ""contingency"": [[423, 6], [541, 28009]]}",{}
10,NC00962.3,RIF-0.1-0.9,0.0,GARC1,RUS,RIF,rpoB@V170F,R,{},"{""proportion"": 0.975, ""confidence"": [0.8954114330382896, 0.9944027907485249], ""p_value"": 3.610000000000008e-38, ""contingency"": [[39, 1], [541, 28009]]}",{}
11,NC00962.3,RIF-0.1-0.9,0.0,GARC1,RUS,RIF,rpoB@D435Y,R,{},"{""proportion"": 0.7687861271676301, ""confidence"": [0.712166688385899, 0.8171279381339356], ""p_value"": 4.652113212395018e-96, ""contingency"": [[133, 40], [541, 28009]]}",{}
13,NC00962.3,RIF-0.1-0.9,0.0,GARC1,RUS,RIF,rpoB@H445C,R,{},"{""proportion"": 0.8727272727272727, ""confidence"": [0.781001242099568, 0.9295024209083953], ""p_value"": 9.862109940534427e-41, ""contingency"": [[48, 7], [541, 28009]]}",{}
14,NC00962.3,RIF-0.1-0.9,0.0,GARC1,RUS,RIF,rpoB@H445L,R,{},"{""proportion"": 0.9005524861878453, ""confidence"": [0.8578596754996953, 0.9314469359049452], ""p_value"": 4.305406851870926e-140, ""contingency"": [[163, 18], [541, 28009]]}",{}
15,NC00962.3,RIF-0.1-0.9,0.0,GARC1,RUS,RIF,rpoB@1309_del_aac,R,{},"{""proportion"": 0.8461538461538461, ""confidence"": [0.6253365134021732, 0.9477095595532418], ""p_value"": 6.436000000000003e-10, ""contingency"": [[11, 2], [541, 28009]]}",{}
16,NC00962.3,RIF-0.1-0.9,0.0,GARC1,RUS,RIF,rpoB@H445R,R,{},"{""proportion"": 0.9807692307692307, ""confidence"": [0.9435428423791048, 0.9936155915969132], ""p_value"": 4.347730000000026e-99, ""contingency"": [[102, 2], [541, 28009]]}",{}
17,NC00962.3,RIF-0.1-0.9,0.0,GARC1,RUS,RIF,rpoB@S450F,R,{},"{""proportion"": 1.0, ""confidence"": [0.9736572792168257, 1.0], ""p_value"": 1.0000000000000056e-100, ""contingency"": [[100, 0], [541, 28009]]}",{}
18,NC00962.3,RIF-0.1-0.9,0.0,GARC1,RUS,RIF,rpoB@H445D,R,{},"{""proportion"": 0.9783080260303688, ""confidence"": [0.9640452671357603, 0.9869892982805509], ""p_value"": 0.0, ""contingency"": [[451, 10], [541, 28009]]}",{}
19,NC00962.3,RIF-0.1-0.9,0.0,GARC1,RUS,RIF,rpoB@S450W,R,{},"{""proportion"": 0.9668874172185431, ""confidence"": [0.9335476863464993, 0.9837907311980186], ""p_value"": 3.6266694856480306e-138, ""contingency"": [[146, 5], [541, 28009]]}",{}
21,NC00962.3,RIF-0.1-0.9,0.0,GARC1,RUS,RIF,rpoB@D435A,R,{},"{""proportion"": 0.5, ""confidence"": [0.18240016325464498, 0.8175998367453551], ""p_value"": 0.05230000000000001, ""contingency"": [[2, 2], [541, 28009]]}",{}
22,NC00962.3,RIF-0.1-0.9,0.0,GARC1,RUS,RIF,rpoB@S441L,R,{},"{""proportion"": 0.9545454545454546, ""confidence"": [0.819741665999609, 0.9897932481851924], ""p_value"": 1.9900000000000026e-20, ""contingency"": [[21, 1], [541, 28009]]}",{}
23,NC00962.3,RIF-0.1-0.9,0.0,GARC1,RUS,RIF,rpoB@Q432K,R,{},"{""proportion"": 0.95, ""confidence"": [0.8039927632259837, 0.9887651831491485], ""p_value"": 1.810000000000002e-18, ""contingency"": [[19, 1], [541, 28009]]}",{}
24,NC00962.3,RIF-0.1-0.9,0.0,GARC1,RUS,RIF,rpoB@S450Q,R,{},"{""proportion"": 1.0, ""confidence"": [0.8025949526804821, 0.9999999999999998], ""p_value"": 1.0000000000000006e-11, ""contingency"": [[11, 0], [541, 28009]]}",{}
25,NC00962.3,RIF-0.1-0.9,0.0,GARC1,RUS,RIF,rpoB@1263_del_caaggagttcttcggcac,R,{},"{""proportion"": 1.0, ""confidence"": [0.4250306090063464, 1.0], ""p_value"": 0.010000000000000002, ""contingency"": [[2, 0], [541, 28009]]}",{}
27,NC00962.3,RIF-0.1-0.9,0.0,GARC1,RUS,RIF,rpoB@L452P,R,{},"{""proportion"": 0.6226415094339622, ""confidence"": [0.566661257817779, 0.6755309052882366], ""p_value"": 1.3846259823542502e-76, ""contingency"": [[132, 80], [541, 28009]]}",{}
34,NC00962.3,RIF-0.1-0.9,0.0,GARC1,RUS,RIF,rpoB@Q432L,R,{},"{""proportion"": 0.9375, ""confidence"": [0.7625102861984762, 0.9859309464423657], ""p_value"": 1.4500000000000014e-14, ""contingency"": [[15, 1], [541, 28009]]}",{}
42,NC00962.3,RIF-0.1-0.9,0.0,GARC1,RUS,RIF,rpoB@Q432P,R,{},"{""proportion"": 0.967741935483871, ""confidence"": [0.8676223275976586, 0.9927702674511639], ""p_value"": 2.8000000000000047e-29, ""contingency"": [[30, 1], [541, 28009]]}",{}
43,NC00962.3,RIF-0.1-0.9,0.0,GARC1,RUS,RIF,rpoB@H445G,R,{},"{""proportion"": 0.8, ""confidence"": [0.5407928056874881, 0.9314420122624679], ""p_value"": 3.736000000000001e-07, ""contingency"": [[8, 2], [541, 28009]]}",{}
44,NC00962.3,RIF-0.1-0.9,0.0,GARC1,RUS,RIF,rpoB@1296_ins_ttc,R,{},"{""proportion"": 1.0, ""confidence"": [0.8904884056032811, 1.0000000000000002], ""p_value"": 1.0000000000000012e-22, ""contingency"": [[22, 0], [541, 28009]]}",{}
46,NC00962.3,RIF-0.1-0.9,0.0,GARC1,RUS,RIF,rpoB@I491F,R,{},"{""proportion"": 0.5384615384615384, ""confidence"": [0.4698122169748681, 0.6056825084778087], ""p_value"": 5.139499747964421e-39, ""contingency"": [[77, 66], [541, 28009]]}",{}
47,NC00962.3,RIF-0.1-0.9,0.0,GARC1,RUS,RIF,rpoB@H445S,R,{},"{""proportion"": 0.6666666666666666, ""confidence"": [0.4551721473456386, 0.8272252844509811], ""p_value"": 1.8662024800000012e-07, ""contingency"": [[10, 5], [541, 28009]]}",{}
63,NC00962.3,RIF-0.1-0.9,0.0,GARC1,RUS,RIF,rpoB@L430P,R,{},"{""proportion"": 0.22598870056497175, ""confidence"": [0.1786312385948019, 0.2815968760444218], ""p_value"": 8.908431846137731e-07, ""contingency"": [[40, 137], [541, 28009]]}",{}
64,NC00962.3,RIF-0.1-0.9,0.0,GARC1,RUS,RIF,rpoB@1304_del_acc,R,{},"{""proportion"": 0.75, ""confidence"": [0.3561680085985064, 0.9420926788001412], ""p_value"": 0.0037000000000000006, ""contingency"": [[3, 1], [541, 28009]]}",{}
65,NC00962.3,RIF-0.1-0.9,0.0,GARC1,RUS,RIF,rpoB@S450Y,R,{},"{""proportion"": 1.0, ""confidence"": [0.7688664806802434, 1.0], ""p_value"": 1.0000000000000005e-09, ""contingency"": [[9, 0], [541, 28009]]}",{}
81,NC00962.3,RIF-0.1-0.9,0.0,GARC1,RUS,RIF,rpoB@D435F,R,{},"{""proportion"": 0.9354838709677419, ""confidence"": [0.8638413149499691, 0.9707085105732437], ""p_value"": 3.687745555000013e-53, ""contingency"": [[58, 4], [541, 28009]]}",{}
86,NC00962.3,RIF-0.1-0.9,0.0,GARC1,RUS,RIF,rpoB@S441Q,R,{},"{""proportion"": 1.0, ""confidence"": [0.8277332164911549, 1.0], ""p_value"": 1.0000000000000007e-13, ""contingency"": [[13, 0], [541, 28009]]}",{}
89,NC00962.3,RIF-0.1-0.9,0.0,GARC1,RUS,RIF,rpoB@S450M,R,{},"{""proportion"": 1.0, ""confidence"": [0.7688664806802434, 1.0], ""p_value"": 1.0000000000000005e-09, ""contingency"": [[9, 0], [541, 28009]]}",{}
90,NC00962.3,RIF-0.1-0.9,0.0,GARC1,RUS,RIF,rpoB@1306_del_cag,R,{},"{""proportion"": 1.0, ""confidence"": [0.5258044258424873, 1.0], ""p_value"": 0.0010000000000000002, ""contingency"": [[3, 0], [541, 28009]]}",{}
97,NC00962.3,RIF-0.1-0.9,0.0,GARC1,RUS,RIF,rpoB@H445T,R,{},"{""proportion"": 1.0, ""confidence"": [0.4250306090063464, 1.0], ""p_value"": 0.010000000000000002, ""contingency"": [[2, 0], [541, 28009]]}",{}
98,NC00962.3,RIF-0.1-0.9,0.0,GARC1,RUS,RIF,rpoB@D435G,R,{},"{""proportion"": 0.4, ""confidence"": [0.1942269918768033, 0.648361402139878], ""p_value"": 0.0127951984, ""contingency"": [[4, 6], [541, 28009]]}",{}
102,NC00962.3,RIF-0.1-0.9,0.0,GARC1,RUS,RIF,rpoB@1292_ins_cca,R,{},"{""proportion"": 1.0, ""confidence"": [0.5965213747972954, 1.0], ""p_value"": 0.00010000000000000002, ""contingency"": [[4, 0], [541, 28009]]}",{}
103,NC00962.3,RIF-0.1-0.9,0.0,GARC1,RUS,RIF,rpoB@1304_del_accaga,R,{},"{""proportion"": 1.0, ""confidence"": [0.4250306090063464, 1.0], ""p_value"": 0.010000000000000002, ""contingency"": [[2, 0], [541, 28009]]}",{}
117,NC00962.3,RIF-0.1-0.9,0.0,GARC1,RUS,RIF,rpoB@1277_del_gcacca,R,{},"{""proportion"": 0.8, ""confidence"": [0.4352925534215433, 0.9540375461193962], ""p_value"": 0.0004600000000000001, ""contingency"": [[4, 1], [541, 28009]]}",{}
121,NC00962.3,RIF-0.1-0.9,0.0,GARC1,RUS,RIF,rpoB@H445N,R,{},"{""proportion"": 0.24096385542168675, ""confidence"": [0.17271697850200973, 0.3255651831059945], ""p_value"": 0.00015858998697957388, ""contingency"": [[20, 63], [541, 28009]]}",{}
160,NC00962.3,RIF-0.1-0.9,0.0,GARC1,RUS,RIF,rpoB@D435L,R,{},"{""proportion"": 1.0, ""confidence"": [0.4250306090063464, 1.0], ""p_value"": 0.010000000000000002, ""contingency"": [[2, 0], [541, 28009]]}",{}
164,NC00962.3,RIF-0.1-0.9,0.0,GARC1,RUS,RIF,rpoB@1328_ins_gac,R,{},"{""proportion"": 1.0, ""confidence"": [0.7870580299165931, 1.0], ""p_value"": 1.0000000000000006e-10, ""contingency"": [[10, 0], [541, 28009]]}",{}
166,NC00962.3,RIF-0.1-0.9,0.0,GARC1,RUS,RIF,rpoB@H445P,R,{},"{""proportion"": 1.0, ""confidence"": [0.5965213747972954, 1.0], ""p_value"": 0.00010000000000000002, ""contingency"": [[4, 0], [541, 28009]]}",{}
184,NC00962.3,RIF-0.1-0.9,0.0,GARC1,RUS,RIF,rpoB@S493R,R,{},"{""proportion"": 1.0, ""confidence"": [0.4250306090063464, 1.0], ""p_value"": 0.010000000000000002, ""contingency"": [[2, 0], [541, 28009]]}",{}
187,NC00962.3,RIF-0.1-0.9,0.0,GARC1,RUS,RIF,rpoB@1293_del_ccaattcatgga,R,{},"{""proportion"": 1.0, ""confidence"": [0.5258044258424873, 1.0], ""p_value"": 0.0010000000000000002, ""contingency"": [[3, 0], [541, 28009]]}",{}
188,NC00962.3,RIF-0.1-0.9,0.0,GARC1,RUS,RIF,rpoB@1299_del_catgga,R,{},"{""proportion"": 1.0, ""confidence"": [0.5965213747972954, 1.0], ""p_value"": 0.00010000000000000002, ""contingency"": [[4, 0], [541, 28009]]}",{}
189,NC00962.3,RIF-0.1-0.9,0.0,GARC1,RUS,RIF,rpoB@1294_del_caa,R,{},"{""proportion"": 1.0, ""confidence"": [0.4250306090063464, 1.0], ""p_value"": 0.010000000000000002, ""contingency"": [[2, 0], [541, 28009]]}",{}
287,NC00962.3,RIF-0.1-0.9,0.0,GARC1,RUS,RIF,rpoB@1295_del_aattcatgg,R,{},"{""proportion"": 1.0, ""confidence"": [0.7870580299165931, 1.0], ""p_value"": 1.0000000000000006e-10, ""contingency"": [[10, 0], [541, 28009]]}",{}
288,NC00962.3,RIF-0.1-0.9,0.0,GARC1,RUS,RIF,rpoB@1293_del_ccaatt,R,{},"{""proportion"": 1.0, ""confidence"": [0.5965213747972954, 1.0], ""p_value"": 0.00010000000000000002, ""contingency"": [[4, 0], [541, 28009]]}",{}
293,NC00962.3,RIF-0.1-0.9,0.0,GARC1,RUS,RIF,rpoB@S441V,R,{},"{""proportion"": 0.6666666666666666, ""confidence"": [0.25353386828122415, 0.9217342736662715], ""p_value"": 0.028000000000000008, ""contingency"": [[2, 1], [541, 28009]]}",{}
299,NC00962.3,RIF-0.1-0.9,0.0,GARC1,RUS,RIF,rpoB@E761D,R,{},"{""proportion"": 1.0, ""confidence"": [0.4250306090063464, 1.0], ""p_value"": 0.010000000000000002, ""contingency"": [[2, 0], [541, 28009]]}",{}
335,NC00962.3,RIF-0.1-0.9,0.0,GARC1,RUS,RIF,rpoB@S441M,R,{},"{""proportion"": 1.0, ""confidence"": [0.5258044258424873, 1.0], ""p_value"": 0.0010000000000000002, ""contingency"": [[3, 0], [541, 28009]]}",{}
363,NC00962.3,RIF-0.1-0.9,0.0,GARC1,RUS,RIF,rpoB@1282_del_agccagctg,R,{},"{""proportion"": 1.0, ""confidence"": [0.4250306090063464, 1.0], ""p_value"": 0.010000000000000002, ""contingency"": [[2, 0], [541, 28009]]}",{}
9,NC00962.3,RIF-0.1-0.9,0.0,GARC1,RUS,RIF,rpoB@G463W,U,{},"{""proportion"": 0.0, ""confidence"": [0.0, 0.7301340512159458], ""p_value"": 1.0, ""contingency"": [[0, 1], [541, 28009]]}",{}
12,NC00962.3,RIF-0.1-0.9,0.0,GARC1,RUS,RIF,rpoB@D828Y,U,{},"{""proportion"": 0.0, ""confidence"": [0.0, 0.7301340512159458], ""p_value"": 1.0, ""contingency"": [[0, 1], [541, 28009]]}",{}
20,NC00962.3,RIF-0.1-0.9,0.0,GARC1,RUS,RIF,rpoB@G602W,U,{},"{""proportion"": 0.0, ""confidence"": [0.0, 0.7301340512159458], ""p_value"": 1.0, ""contingency"": [[0, 1], [541, 28009]]}",{}
26,NC00962.3,RIF-0.1-0.9,0.0,GARC1,RUS,RIF,rpoB@H317Y,U,{},"{""proportion"": 0.0, ""confidence"": [0.0, 0.7301340512159458], ""p_value"": 1.0, ""contingency"": [[0, 1], [541, 28009]]}",{}
28,NC00962.3,RIF-0.1-0.9,0.0,GARC1,RUS,RIF,rpoB@L440M,U,{},"{""proportion"": 0.0, ""confidence"": [0.0, 0.7301340512159458], ""p_value"": 1.0, ""contingency"": [[0, 1], [541, 28009]]}",{}
29,NC00962.3,RIF-0.1-0.9,0.0,GARC1,RUS,RIF,rpoB@E266!,U,{},"{""proportion"": 0.0, ""confidence"": [0.0, 0.7301340512159458], ""p_value"": 1.0, ""contingency"": [[0, 1], [541, 28009]]}",{}
30,NC00962.3,RIF-0.1-0.9,0.0,GARC1,RUS,RIF,rpoB@G95W,U,{},"{""proportion"": 0.0, ""confidence"": [0.0, 0.5749693909936535], ""p_value"": 1.0, ""contingency"": [[0, 2], [541, 28009]]}",{}
31,NC00962.3,RIF-0.1-0.9,0.0,GARC1,RUS,RIF,rpoB@c-60t,U,{},"{""proportion"": 0.0, ""confidence"": [0.0, 0.7301340512159458], ""p_value"": 1.0, ""contingency"": [[0, 1], [541, 28009]]}",{}
32,NC00962.3,RIF-0.1-0.9,0.0,GARC1,RUS,RIF,rpoB@P483H,U,{},"{""proportion"": 0.0, ""confidence"": [0.0, 0.7301340512159458], ""p_value"": 1.0, ""contingency"": [[0, 1], [541, 28009]]}",{}
33,NC00962.3,RIF-0.1-0.9,0.0,GARC1,RUS,RIF,rpoB@E344D,U,{},"{""proportion"": 0.0, ""confidence"": [0.0, 0.7301340512159458], ""p_value"": 1.0, ""contingency"": [[0, 1], [541, 28009]]}",{}
35,NC00962.3,RIF-0.1-0.9,0.0,GARC1,RUS,RIF,rpoB@S16C,U,{},"{""proportion"": 0.0, ""confidence"": [0.0, 0.13729859622486673], ""p_value"": 0.40497462824646446, ""contingency"": [[0, 17], [541, 28009]]}",{}
36,NC00962.3,RIF-0.1-0.9,0.0,GARC1,RUS,RIF,rpoB@H445Z,U,{},"{""proportion"": 0.0, ""confidence"": [0.0, 0.5749693909936535], ""p_value"": 1.0, ""contingency"": [[0, 2], [541, 28009]]}",{}
37,NC00962.3,RIF-0.1-0.9,0.0,GARC1,RUS,RIF,rpoB@L290F,U,{},"{""proportion"": 0.0, ""confidence"": [0.0, 0.7301340512159458], ""p_value"": 1.0, ""contingency"": [[0, 1], [541, 28009]]}",{}
38,NC00962.3,RIF-0.1-0.9,0.0,GARC1,RUS,RIF,rpoB@S1009T,U,{},"{""proportion"": 0.0, ""confidence"": [0.0, 0.7301340512159458], ""p_value"": 1.0, ""contingency"": [[0, 1], [541, 28009]]}",{}
39,NC00962.3,RIF-0.1-0.9,0.0,GARC1,RUS,RIF,rpoB@E721K,U,{},"{""proportion"": 0.0, ""confidence"": [0.0, 0.278762695452542], ""p_value"": 1.0, ""contingency"": [[0, 7], [541, 28009]]}",{}
40,NC00962.3,RIF-0.1-0.9,0.0,GARC1,RUS,RIF,rpoB@E563D,U,{},"{""proportion"": 0.0, ""confidence"": [-1.1138242448922617e-17, 0.19740504731951777], ""p_value"": 0.61645371589, ""contingency"": [[0, 11], [541, 28009]]}",{}
41,NC00962.3,RIF-0.1-0.9,0.0,GARC1,RUS,RIF,rpoB@E250G,U,{},"{""proportion"": 0.050505050505050504, ""confidence"": [0.02479748764159554, 0.10012730035513771], ""p_value"": 0.12882220976577569, ""contingency"": [[5, 94], [541, 28009]]}",{}
45,NC00962.3,RIF-0.1-0.9,0.0,GARC1,RUS,RIF,rpoB@R448K,U,{},"{""proportion"": 1.0, ""confidence"": [0.26986594878405434, 1.0000000000000002], ""p_value"": 0.1, ""contingency"": [[1, 0], [541, 28009]]}",{}
48,NC00962.3,RIF-0.1-0.9,0.0,GARC1,RUS,RIF,rpoB@V695L,U,{},"{""proportion"": 0.05319148936170213, ""confidence"": [0.026128681039394717, 0.10525513627120787], ""p_value"": 0.16670350165390746, ""contingency"": [[5, 89], [541, 28009]]}",{}
49,NC00962.3,RIF-0.1-0.9,0.0,GARC1,RUS,RIF,rpoB@-59_ins_t,U,{},"{""proportion"": 0.0, ""confidence"": [0.0, 0.7301340512159458], ""p_value"": 1.0, ""contingency"": [[0, 1], [541, 28009]]}",{}
50,NC00962.3,RIF-0.1-0.9,0.0,GARC1,RUS,RIF,rpoB@H194Y,U,{},"{""proportion"": 0.125, ""confidence"": [0.04226587495232505, 0.316213068498382], ""p_value"": 0.6705741886485617, ""contingency"": [[2, 14], [541, 28009]]}",{}
51,NC00962.3,RIF-0.1-0.9,0.0,GARC1,RUS,RIF,rpoB@S25Y,U,{},"{""proportion"": 0.0, ""confidence"": [0.0, 0.7301340512159458], ""p_value"": 1.0, ""contingency"": [[0, 1], [541, 28009]]}",{}
52,NC00962.3,RIF-0.1-0.9,0.0,GARC1,RUS,RIF,rpoB@P483L,U,{},"{""proportion"": 0.0, ""confidence"": [0.0, 0.7301340512159458], ""p_value"": 1.0, ""contingency"": [[0, 1], [541, 28009]]}",{}
53,NC00962.3,RIF-0.1-0.9,0.0,GARC1,RUS,RIF,rpoB@P358L,U,{},"{""proportion"": 0.0, ""confidence"": [0.0, 0.10525136178999416], ""p_value"": 0.1617424751152015, ""contingency"": [[0, 23], [541, 28009]]}",{}
54,NC00962.3,RIF-0.1-0.9,0.0,GARC1,RUS,RIF,rpoB@D107E,U,{},"{""proportion"": 0.0, ""confidence"": [0.0, 0.40347862520270455], ""p_value"": 1.0, ""contingency"": [[0, 4], [541, 28009]]}",{}
55,NC00962.3,RIF-0.1-0.9,0.0,GARC1,RUS,RIF,rpoB@E507K,U,{},"{""proportion"": 0.0, ""confidence"": [0.0, 0.5749693909936535], ""p_value"": 1.0, ""contingency"": [[0, 2], [541, 28009]]}",{}
56,NC00962.3,RIF-0.1-0.9,0.0,GARC1,RUS,RIF,rpoB@R307S,U,{},"{""proportion"": 0.0, ""confidence"": [0.0, 0.7301340512159458], ""p_value"": 1.0, ""contingency"": [[0, 1], [541, 28009]]}",{}
57,NC00962.3,RIF-0.1-0.9,0.0,GARC1,RUS,RIF,rpoB@M390T,U,{},"{""proportion"": 0.0, ""confidence"": [0.0, 0.12464757953733377], ""p_value"": 0.25008272957165995, ""contingency"": [[0, 19], [541, 28009]]}",{}
58,NC00962.3,RIF-0.1-0.9,0.0,GARC1,RUS,RIF,rpoB@G945E,U,{},"{""proportion"": 0.0, ""confidence"": [0.0, 0.21294197008340696], ""p_value"": 0.6125795109999999, ""contingency"": [[0, 10], [541, 28009]]}",{}
59,NC00962.3,RIF-0.1-0.9,0.0,GARC1,RUS,RIF,rpoB@E132D,U,{},"{""proportion"": 0.0, ""confidence"": [0.0, 0.4741955741575127], ""p_value"": 1.0, ""contingency"": [[0, 3], [541, 28009]]}",{}
60,NC00962.3,RIF-0.1-0.9,0.0,GARC1,RUS,RIF,rpoB@P502Q,U,{},"{""proportion"": 0.0, ""confidence"": [0.0, 0.7301340512159458], ""p_value"": 1.0, ""contingency"": [[0, 1], [541, 28009]]}",{}
61,NC00962.3,RIF-0.1-0.9,0.0,GARC1,RUS,RIF,rpoB@Q401H,U,{},"{""proportion"": 0.0, ""confidence"": [0.0, 0.7301340512159458], ""p_value"": 1.0, ""contingency"": [[0, 1], [541, 28009]]}",{}
62,NC00962.3,RIF-0.1-0.9,0.0,GARC1,RUS,RIF,rpoB@R791C,U,{},"{""proportion"": 0.0, ""confidence"": [-6.30690819358384e-18, 0.09107873950450844], ""p_value"": 0.10520663037800315, ""contingency"": [[0, 27], [541, 28009]]}",{}
66,NC00962.3,RIF-0.1-0.9,0.0,GARC1,RUS,RIF,rpoB@I910V,U,{},"{""proportion"": 0.0, ""confidence"": [0.0, 0.4741955741575127], ""p_value"": 1.0, ""contingency"": [[0, 3], [541, 28009]]}",{}
67,NC00962.3,RIF-0.1-0.9,0.0,GARC1,RUS,RIF,rpoB@A334V,U,{},"{""proportion"": 0.0, ""confidence"": [0.0, 0.4741955741575127], ""p_value"": 1.0, ""contingency"": [[0, 3], [541, 28009]]}",{}
68,NC00962.3,RIF-0.1-0.9,0.0,GARC1,RUS,RIF,rpoB@V33L,U,{},"{""proportion"": 0.0, ""confidence"": [0.0, 0.7301340512159458], ""p_value"": 1.0, ""contingency"": [[0, 1], [541, 28009]]}",{}
69,NC00962.3,RIF-0.1-0.9,0.0,GARC1,RUS,RIF,rpoB@G675D,U,{},"{""proportion"": 0.2, ""confidence"": [0.045962453880603965, 0.5647074465784567], ""p_value"": 0.40951000000000004, ""contingency"": [[1, 4], [541, 28009]]}",{}
70,NC00962.3,RIF-0.1-0.9,0.0,GARC1,RUS,RIF,rpoB@V129G,U,{},"{""proportion"": 0.0, ""confidence"": [0.0, 0.4741955741575127], ""p_value"": 1.0, ""contingency"": [[0, 3], [541, 28009]]}",{}
71,NC00962.3,RIF-0.1-0.9,0.0,GARC1,RUS,RIF,rpoB@t-6c,U,{},"{""proportion"": 0.0, ""confidence"": [-1.2064410726261401e-17, 0.13066758958023267], ""p_value"": 0.24829147672243645, ""contingency"": [[0, 18], [541, 28009]]}",{}
72,NC00962.3,RIF-0.1-0.9,0.0,GARC1,RUS,RIF,rpoB@P454H,U,{},"{""proportion"": 0.0, ""confidence"": [0.0, 0.5749693909936535], ""p_value"": 1.0, ""contingency"": [[0, 2], [541, 28009]]}",{}
73,NC00962.3,RIF-0.1-0.9,0.0,GARC1,RUS,RIF,rpoB@D545E,U,{},"{""proportion"": 0.0, ""confidence"": [0.0, 0.16195483023523788], ""p_value"": 0.3871279058362299, ""contingency"": [[0, 14], [541, 28009]]}",{}
74,NC00962.3,RIF-0.1-0.9,0.0,GARC1,RUS,RIF,rpoB@E240G,U,{},"{""proportion"": 0.0, ""confidence"": [0.0, 0.7301340512159458], ""p_value"": 1.0, ""contingency"": [[0, 1], [541, 28009]]}",{}
75,NC00962.3,RIF-0.1-0.9,0.0,GARC1,RUS,RIF,rpoB@Y651H,U,{},"{""proportion"": 0.0, ""confidence"": [0.0, 0.7301340512159458], ""p_value"": 1.0, ""contingency"": [[0, 1], [541, 28009]]}",{}
76,NC00962.3,RIF-0.1-0.9,0.0,GARC1,RUS,RIF,rpoB@V216I,U,{},"{""proportion"": 0.0, ""confidence"": [0.0, 0.7301340512159458], ""p_value"": 1.0, ""contingency"": [[0, 1], [541, 28009]]}",{}
77,NC00962.3,RIF-0.1-0.9,0.0,GARC1,RUS,RIF,rpoB@M587I,U,{},"{""proportion"": 0.25, ""confidence"": [0.05790732119985871, 0.6438319914014936], ""p_value"": 0.34390000000000004, ""contingency"": [[1, 3], [541, 28009]]}",{}
78,NC00962.3,RIF-0.1-0.9,0.0,GARC1,RUS,RIF,rpoB@L1141M,U,{},"{""proportion"": 1.0, ""confidence"": [0.26986594878405434, 1.0000000000000002], ""p_value"": 0.1, ""contingency"": [[1, 0], [541, 28009]]}",{}
79,NC00962.3,RIF-0.1-0.9,0.0,GARC1,RUS,RIF,rpoB@G887A,U,{},"{""proportion"": 0.0, ""confidence"": [0.0, 0.7301340512159458], ""p_value"": 1.0, ""contingency"": [[0, 1], [541, 28009]]}",{}
80,NC00962.3,RIF-0.1-0.9,0.0,GARC1,RUS,RIF,rpoB@A902P,U,{},"{""proportion"": 0.0, ""confidence"": [0.0, 0.7301340512159458], ""p_value"": 1.0, ""contingency"": [[0, 1], [541, 28009]]}",{}
82,NC00962.3,RIF-0.1-0.9,0.0,GARC1,RUS,RIF,rpoB@A753T,U,{},"{""proportion"": 0.0, ""confidence"": [0.0, 0.7301340512159458], ""p_value"": 1.0, ""contingency"": [[0, 1], [541, 28009]]}",{}
83,NC00962.3,RIF-0.1-0.9,0.0,GARC1,RUS,RIF,rpoB@T159P,U,{},"{""proportion"": 1.0, ""confidence"": [0.26986594878405434, 1.0000000000000002], ""p_value"": 0.1, ""contingency"": [[1, 0], [541, 28009]]}",{}
84,NC00962.3,RIF-0.1-0.9,0.0,GARC1,RUS,RIF,rpoB@D103E,U,{},"{""proportion"": 0.0, ""confidence"": [0.0, 0.31078398130591417], ""p_value"": 1.0, ""contingency"": [[0, 6], [541, 28009]]}",{}
85,NC00962.3,RIF-0.1-0.9,0.0,GARC1,RUS,RIF,rpoB@Q432N,U,{},"{""proportion"": 1.0, ""confidence"": [0.26986594878405434, 1.0000000000000002], ""p_value"": 0.1, ""contingency"": [[1, 0], [541, 28009]]}",{}
87,NC00962.3,RIF-0.1-0.9,0.0,GARC1,RUS,RIF,rpoB@V359A,U,{},"{""proportion"": 0.0625, ""confidence"": [0.01406905355763439, 0.2374897138015238], ""p_value"": 1.0, ""contingency"": [[1, 15], [541, 28009]]}",{}
88,NC00962.3,RIF-0.1-0.9,0.0,GARC1,RUS,RIF,rpoB@M655T,U,{},"{""proportion"": 0.0, ""confidence"": [0.0, 0.16195483023523788], ""p_value"": 0.3871279058362299, ""contingency"": [[0, 14], [541, 28009]]}",{}
91,NC00962.3,RIF-0.1-0.9,0.0,GARC1,RUS,RIF,rpoB@I925V,U,{},"{""proportion"": 0.0, ""confidence"": [0.0, 0.16195483023523788], ""p_value"": 0.3871279058362299, ""contingency"": [[0, 14], [541, 28009]]}",{}
92,NC00962.3,RIF-0.1-0.9,0.0,GARC1,RUS,RIF,rpoB@1294_del_caattcatg,U,{},"{""proportion"": 0.0, ""confidence"": [0.0, 0.7301340512159458], ""p_value"": 1.0, ""contingency"": [[0, 1], [541, 28009]]}",{}
93,NC00962.3,RIF-0.1-0.9,0.0,GARC1,RUS,RIF,rpoB@A559G,U,{},"{""proportion"": 0.0, ""confidence"": [0.0, 0.7301340512159458], ""p_value"": 1.0, ""contingency"": [[0, 1], [541, 28009]]}",{}
94,NC00962.3,RIF-0.1-0.9,0.0,GARC1,RUS,RIF,rpoB@g-69t,U,{},"{""proportion"": 0.0, ""confidence"": [0.0, 0.7301340512159458], ""p_value"": 1.0, ""contingency"": [[0, 1], [541, 28009]]}",{}
95,NC00962.3,RIF-0.1-0.9,0.0,GARC1,RUS,RIF,rpoB@V77G,U,{},"{""proportion"": 0.0, ""confidence"": [0.0, 0.7301340512159458], ""p_value"": 1.0, ""contingency"": [[0, 1], [541, 28009]]}",{}
96,NC00962.3,RIF-0.1-0.9,0.0,GARC1,RUS,RIF,rpoB@K711R,U,{},"{""proportion"": 0.0, ""confidence"": [0.0, 0.7301340512159458], ""p_value"": 1.0, ""contingency"": [[0, 1], [541, 28009]]}",{}
99,NC00962.3,RIF-0.1-0.9,0.0,GARC1,RUS,RIF,rpoB@1302_del_ggaccagaa,U,{},"{""proportion"": 1.0, ""confidence"": [0.26986594878405434, 1.0000000000000002], ""p_value"": 0.1, ""contingency"": [[1, 0], [541, 28009]]}",{}
100,NC00962.3,RIF-0.1-0.9,0.0,GARC1,RUS,RIF,rpoB@T288K,U,{},"{""proportion"": 0.0, ""confidence"": [0.0, 0.5749693909936535], ""p_value"": 1.0, ""contingency"": [[0, 2], [541, 28009]]}",{}
101,NC00962.3,RIF-0.1-0.9,0.0,GARC1,RUS,RIF,rpoB@Q1123H,U,{},"{""proportion"": 0.0, ""confidence"": [0.0, 0.7301340512159458], ""p_value"": 1.0, ""contingency"": [[0, 1], [541, 28009]]}",{}
104,NC00962.3,RIF-0.1-0.9,0.0,GARC1,RUS,RIF,rpoB@3439_del_gag,U,{},"{""proportion"": 0.0, ""confidence"": [0.0, 0.7301340512159458], ""p_value"": 1.0, ""contingency"": [[0, 1], [541, 28009]]}",{}
105,NC00962.3,RIF-0.1-0.9,0.0,GARC1,RUS,RIF,rpoB@K944N,U,{},"{""proportion"": 0.0, ""confidence"": [0.0, 0.5749693909936535], ""p_value"": 1.0, ""contingency"": [[0, 2], [541, 28009]]}",{}
106,NC00962.3,RIF-0.1-0.9,0.0,GARC1,RUS,RIF,rpoB@R299H,U,{},"{""proportion"": 0.0, ""confidence"": [0.0, 0.7301340512159458], ""p_value"": 1.0, ""contingency"": [[0, 1], [541, 28009]]}",{}
107,NC00962.3,RIF-0.1-0.9,0.0,GARC1,RUS,RIF,rpoB@-62_del_c,U,{},"{""proportion"": 0.0, ""confidence"": [0.0, 0.7301340512159458], ""p_value"": 1.0, ""contingency"": [[0, 1], [541, 28009]]}",{}
108,NC00962.3,RIF-0.1-0.9,0.0,GARC1,RUS,RIF,rpoB@D108E,U,{},"{""proportion"": 0.0, ""confidence"": [0.0, 0.7301340512159458], ""p_value"": 1.0, ""contingency"": [[0, 1], [541, 28009]]}",{}
109,NC00962.3,RIF-0.1-0.9,0.0,GARC1,RUS,RIF,rpoB@P700L,U,{},"{""proportion"": 0.0, ""confidence"": [0.0, 0.7301340512159458], ""p_value"": 1.0, ""contingency"": [[0, 1], [541, 28009]]}",{}
110,NC00962.3,RIF-0.1-0.9,0.0,GARC1,RUS,RIF,rpoB@N963S,U,{},"{""proportion"": 0.0, ""confidence"": [0.0, 0.5749693909936535], ""p_value"": 1.0, ""contingency"": [[0, 2], [541, 28009]]}",{}
111,NC00962.3,RIF-0.1-0.9,0.0,GARC1,RUS,RIF,rpoB@P682A,U,{},"{""proportion"": 0.0, ""confidence"": [0.0, 0.5749693909936535], ""p_value"": 1.0, ""contingency"": [[0, 2], [541, 28009]]}",{}
112,NC00962.3,RIF-0.1-0.9,0.0,GARC1,RUS,RIF,rpoB@H343Q,U,{},"{""proportion"": 0.0, ""confidence"": [0.0, 0.11915783736096446], ""p_value"": 0.25452997802490435, ""contingency"": [[0, 20], [541, 28009]]}",{}
113,NC00962.3,RIF-0.1-0.9,0.0,GARC1,RUS,RIF,rpoB@31_ins_ctagtc,U,{},"{""proportion"": 0.0, ""confidence"": [0.0, 0.40347862520270455], ""p_value"": 1.0, ""contingency"": [[0, 4], [541, 28009]]}",{}
114,NC00962.3,RIF-0.1-0.9,0.0,GARC1,RUS,RIF,rpoB@D515Y,U,{},"{""proportion"": 0.0, ""confidence"": [0.0, 0.172266783508845], ""p_value"": 0.6328416025746999, ""contingency"": [[0, 13], [541, 28009]]}",{}
115,NC00962.3,RIF-0.1-0.9,0.0,GARC1,RUS,RIF,rpoB@a-77g,U,{},"{""proportion"": 0.0, ""confidence"": [0.0, 0.7301340512159458], ""p_value"": 1.0, ""contingency"": [[0, 1], [541, 28009]]}",{}
116,NC00962.3,RIF-0.1-0.9,0.0,GARC1,RUS,RIF,rpoB@c-66t,U,{},"{""proportion"": 0.0, ""confidence"": [0.0, 0.40347862520270455], ""p_value"": 1.0, ""contingency"": [[0, 4], [541, 28009]]}",{}
118,NC00962.3,RIF-0.1-0.9,0.0,GARC1,RUS,RIF,rpoB@A29T,U,{},"{""proportion"": 0.0, ""confidence"": [0.0, 0.7301340512159458], ""p_value"": 1.0, ""contingency"": [[0, 1], [541, 28009]]}",{}
119,NC00962.3,RIF-0.1-0.9,0.0,GARC1,RUS,RIF,rpoB@g-56t,U,{},"{""proportion"": 0.0, ""confidence"": [0.0, 0.7301340512159458], ""p_value"": 1.0, ""contingency"": [[0, 1], [541, 28009]]}",{}
120,NC00962.3,RIF-0.1-0.9,0.0,GARC1,RUS,RIF,rpoB@I491Y,U,{},"{""proportion"": 1.0, ""confidence"": [0.26986594878405434, 1.0000000000000002], ""p_value"": 0.1, ""contingency"": [[1, 0], [541, 28009]]}",{}
122,NC00962.3,RIF-0.1-0.9,0.0,GARC1,RUS,RIF,rpoB@R734H,U,{},"{""proportion"": 0.0, ""confidence"": [0.0, 0.7301340512159458], ""p_value"": 1.0, ""contingency"": [[0, 1], [541, 28009]]}",{}
123,NC00962.3,RIF-0.1-0.9,0.0,GARC1,RUS,RIF,rpoB@D1148E,U,{},"{""proportion"": 0.0, ""confidence"": [0.0, 0.7301340512159458], ""p_value"": 1.0, ""contingency"": [[0, 1], [541, 28009]]}",{}
124,NC00962.3,RIF-0.1-0.9,0.0,GARC1,RUS,RIF,rpoB@a-3g,U,{},"{""proportion"": 0.0, ""confidence"": [0.0, 0.7301340512159458], ""p_value"": 1.0, ""contingency"": [[0, 1], [541, 28009]]}",{}
125,NC00962.3,RIF-0.1-0.9,0.0,GARC1,RUS,RIF,rpoB@A943T,U,{},"{""proportion"": 0.0, ""confidence"": [0.0, 0.278762695452542], ""p_value"": 1.0, ""contingency"": [[0, 7], [541, 28009]]}",{}
126,NC00962.3,RIF-0.1-0.9,0.0,GARC1,RUS,RIF,rpoB@T427N,U,{},"{""proportion"": 0.0, ""confidence"": [0.0, 0.7301340512159458], ""p_value"": 1.0, ""contingency"": [[0, 1], [541, 28009]]}",{}
127,NC00962.3,RIF-0.1-0.9,0.0,GARC1,RUS,RIF,rpoB@1297_del_ttcatggac,U,{},"{""proportion"": 1.0, ""confidence"": [0.26986594878405434, 1.0000000000000002], ""p_value"": 0.1, ""contingency"": [[1, 0], [541, 28009]]}",{}
128,NC00962.3,RIF-0.1-0.9,0.0,GARC1,RUS,RIF,rpoB@S450C,U,{},"{""proportion"": 0.0, ""confidence"": [0.0, 0.7301340512159458], ""p_value"": 1.0, ""contingency"": [[0, 1], [541, 28009]]}",{}
129,NC00962.3,RIF-0.1-0.9,0.0,GARC1,RUS,RIF,rpoB@D120G,U,{},"{""proportion"": 0.0, ""confidence"": [0.0, 0.7301340512159458], ""p_value"": 1.0, ""contingency"": [[0, 1], [541, 28009]]}",{}
130,NC00962.3,RIF-0.1-0.9,0.0,GARC1,RUS,RIF,rpoB@R307H,U,{},"{""proportion"": 0.0, ""confidence"": [0.0, 0.7301340512159458], ""p_value"": 1.0, ""contingency"": [[0, 1], [541, 28009]]}",{}
131,NC00962.3,RIF-0.1-0.9,0.0,GARC1,RUS,RIF,rpoB@A451V,U,{},"{""proportion"": 0.0, ""confidence"": [0.0, 0.5749693909936535], ""p_value"": 1.0, ""contingency"": [[0, 2], [541, 28009]]}",{}
132,NC00962.3,RIF-0.1-0.9,0.0,GARC1,RUS,RIF,rpoB@g-21c,U,{},"{""proportion"": 0.1111111111111111, ""confidence"": [0.025191472713156953, 0.3768012645355425], ""p_value"": 1.0, ""contingency"": [[1, 8], [541, 28009]]}",{}
133,NC00962.3,RIF-0.1-0.9,0.0,GARC1,RUS,RIF,rpoB@M121I,U,{},"{""proportion"": 0.0, ""confidence"": [0.0, 0.3511165007651012], ""p_value"": 1.0, ""contingency"": [[0, 5], [541, 28009]]}",{}
134,NC00962.3,RIF-0.1-0.9,0.0,GARC1,RUS,RIF,rpoB@D997E,U,{},"{""proportion"": 0.0, ""confidence"": [0.0, 0.7301340512159458], ""p_value"": 1.0, ""contingency"": [[0, 1], [541, 28009]]}",{}
135,NC00962.3,RIF-0.1-0.9,0.0,GARC1,RUS,RIF,rpoB@L443F,U,{},"{""proportion"": 0.0, ""confidence"": [0.0, 0.7301340512159458], ""p_value"": 1.0, ""contingency"": [[0, 1], [541, 28009]]}",{}
136,NC00962.3,RIF-0.1-0.9,0.0,GARC1,RUS,RIF,rpoB@V310G,U,{},"{""proportion"": 0.0, ""confidence"": [0.0, 0.7301340512159458], ""p_value"": 1.0, ""contingency"": [[0, 1], [541, 28009]]}",{}
137,NC00962.3,RIF-0.1-0.9,0.0,GARC1,RUS,RIF,rpoB@S441A,U,{},"{""proportion"": 0.0, ""confidence"": [0.0, 0.7301340512159458], ""p_value"": 1.0, ""contingency"": [[0, 1], [541, 28009]]}",{}
138,NC00962.3,RIF-0.1-0.9,0.0,GARC1,RUS,RIF,rpoB@V867A,U,{},"{""proportion"": 0.0, ""confidence"": [0.0, 0.7301340512159458], ""p_value"": 1.0, ""contingency"": [[0, 1], [541, 28009]]}",{}
139,NC00962.3,RIF-0.1-0.9,0.0,GARC1,RUS,RIF,rpoB@G28R,U,{},"{""proportion"": 0.0, ""confidence"": [0.0, 0.31078398130591417], ""p_value"": 1.0, ""contingency"": [[0, 6], [541, 28009]]}",{}
140,NC00962.3,RIF-0.1-0.9,0.0,GARC1,RUS,RIF,rpoB@T215A,U,{},"{""proportion"": 0.0, ""confidence"": [0.0, 0.5749693909936535], ""p_value"": 1.0, ""contingency"": [[0, 2], [541, 28009]]}",{}
141,NC00962.3,RIF-0.1-0.9,0.0,GARC1,RUS,RIF,rpoB@V394L,U,{},"{""proportion"": 0.0, ""confidence"": [0.0, 0.7301340512159458], ""p_value"": 1.0, ""contingency"": [[0, 1], [541, 28009]]}",{}
142,NC00962.3,RIF-0.1-0.9,0.0,GARC1,RUS,RIF,rpoB@S388L,U,{},"{""proportion"": 0.0, ""confidence"": [0.0, 0.5749693909936535], ""p_value"": 1.0, ""contingency"": [[0, 2], [541, 28009]]}",{}
143,NC00962.3,RIF-0.1-0.9,0.0,GARC1,RUS,RIF,rpoB@Y572C,U,{},"{""proportion"": 0.0, ""confidence"": [0.0, 0.4741955741575127], ""p_value"": 1.0, ""contingency"": [[0, 3], [541, 28009]]}",{}
144,NC00962.3,RIF-0.1-0.9,0.0,GARC1,RUS,RIF,rpoB@N724S,U,{},"{""proportion"": 0.0, ""confidence"": [0.0, 0.7301340512159458], ""p_value"": 1.0, ""contingency"": [[0, 1], [541, 28009]]}",{}
145,NC00962.3,RIF-0.1-0.9,0.0,GARC1,RUS,RIF,rpoB@A776V,U,{},"{""proportion"": 0.0, ""confidence"": [0.0, 0.7301340512159458], ""p_value"": 1.0, ""contingency"": [[0, 1], [541, 28009]]}",{}
146,NC00962.3,RIF-0.1-0.9,0.0,GARC1,RUS,RIF,rpoB@G992D,U,{},"{""proportion"": 0.0, ""confidence"": [0.0, 0.7301340512159458], ""p_value"": 1.0, ""contingency"": [[0, 1], [541, 28009]]}",{}
147,NC00962.3,RIF-0.1-0.9,0.0,GARC1,RUS,RIF,rpoB@P27H,U,{},"{""proportion"": 0.0, ""confidence"": [0.0, 0.40347862520270455], ""p_value"": 1.0, ""contingency"": [[0, 4], [541, 28009]]}",{}
148,NC00962.3,RIF-0.1-0.9,0.0,GARC1,RUS,RIF,rpoB@T361I,U,{},"{""proportion"": 0.0, ""confidence"": [0.0, 0.7301340512159458], ""p_value"": 1.0, ""contingency"": [[0, 1], [541, 28009]]}",{}
149,NC00962.3,RIF-0.1-0.9,0.0,GARC1,RUS,RIF,rpoB@K274E,U,{},"{""proportion"": 0.0, ""confidence"": [0.0, 0.7301340512159458], ""p_value"": 1.0, ""contingency"": [[0, 1], [541, 28009]]}",{}
150,NC00962.3,RIF-0.1-0.9,0.0,GARC1,RUS,RIF,rpoB@P352Q,U,{},"{""proportion"": 0.0, ""confidence"": [0.0, 0.7301340512159458], ""p_value"": 1.0, ""contingency"": [[0, 1], [541, 28009]]}",{}
151,NC00962.3,RIF-0.1-0.9,0.0,GARC1,RUS,RIF,rpoB@S450Z,U,{},"{""proportion"": 0.0, ""confidence"": [0.0, 0.7301340512159458], ""p_value"": 1.0, ""contingency"": [[0, 1], [541, 28009]]}",{}
152,NC00962.3,RIF-0.1-0.9,0.0,GARC1,RUS,RIF,rpoB@A686T,U,{},"{""proportion"": 0.09090909090909091, ""confidence"": [0.020549531219243414, 0.3227818711330893], ""p_value"": 1.0, ""contingency"": [[1, 10], [541, 28009]]}",{}
153,NC00962.3,RIF-0.1-0.9,0.0,GARC1,RUS,RIF,rpoB@E646G,U,{},"{""proportion"": 0.0, ""confidence"": [0.0, 0.7301340512159458], ""p_value"": 1.0, ""contingency"": [[0, 1], [541, 28009]]}",{}
154,NC00962.3,RIF-0.1-0.9,0.0,GARC1,RUS,RIF,rpoB@a-83g,U,{},"{""proportion"": 0.0, ""confidence"": [-1.1138242448922617e-17, 0.19740504731951777], ""p_value"": 0.61645371589, ""contingency"": [[0, 11], [541, 28009]]}",{}
155,NC00962.3,RIF-0.1-0.9,0.0,GARC1,RUS,RIF,rpoB@P454L,U,{},"{""proportion"": 0.0, ""confidence"": [0.0, 0.278762695452542], ""p_value"": 1.0, ""contingency"": [[0, 7], [541, 28009]]}",{}
156,NC00962.3,RIF-0.1-0.9,0.0,GARC1,RUS,RIF,rpoB@I1106M,U,{},"{""proportion"": 0.0, ""confidence"": [0.0, 0.7301340512159458], ""p_value"": 1.0, ""contingency"": [[0, 1], [541, 28009]]}",{}
157,NC00962.3,RIF-0.1-0.9,0.0,GARC1,RUS,RIF,rpoB@A692T,U,{},"{""proportion"": 0.0, ""confidence"": [-1.1138242448922617e-17, 0.19740504731951777], ""p_value"": 0.61645371589, ""contingency"": [[0, 11], [541, 28009]]}",{}
158,NC00962.3,RIF-0.1-0.9,0.0,GARC1,RUS,RIF,rpoB@A960E,U,{},"{""proportion"": 0.0, ""confidence"": [0.0, 0.5749693909936535], ""p_value"": 1.0, ""contingency"": [[0, 2], [541, 28009]]}",{}
159,NC00962.3,RIF-0.1-0.9,0.0,GARC1,RUS,RIF,rpoB@I965V,U,{},"{""proportion"": 0.0, ""confidence"": [0.0, 0.3511165007651012], ""p_value"": 1.0, ""contingency"": [[0, 5], [541, 28009]]}",{}
161,NC00962.3,RIF-0.1-0.9,0.0,GARC1,RUS,RIF,rpoB@R397L,U,{},"{""proportion"": 0.0, ""confidence"": [0.0, 0.7301340512159458], ""p_value"": 1.0, ""contingency"": [[0, 1], [541, 28009]]}",{}
162,NC00962.3,RIF-0.1-0.9,0.0,GARC1,RUS,RIF,rpoB@C681G,U,{},"{""proportion"": 0.0, ""confidence"": [0.0, 0.7301340512159458], ""p_value"": 1.0, ""contingency"": [[0, 1], [541, 28009]]}",{}
163,NC00962.3,RIF-0.1-0.9,0.0,GARC1,RUS,RIF,rpoB@I491M,U,{},"{""proportion"": 0.3333333333333333, ""confidence"": [0.0782657263337284, 0.7464661317187757], ""p_value"": 0.271, ""contingency"": [[1, 2], [541, 28009]]}",{}
165,NC00962.3,RIF-0.1-0.9,0.0,GARC1,RUS,RIF,rpoB@K298E,U,{},"{""proportion"": 0.0, ""confidence"": [0.0, 0.7301340512159458], ""p_value"": 1.0, ""contingency"": [[0, 1], [541, 28009]]}",{}
167,NC00962.3,RIF-0.1-0.9,0.0,GARC1,RUS,RIF,rpoB@V198M,U,{},"{""proportion"": 0.0, ""confidence"": [0.0, 0.7301340512159458], ""p_value"": 1.0, ""contingency"": [[0, 1], [541, 28009]]}",{}
168,NC00962.3,RIF-0.1-0.9,0.0,GARC1,RUS,RIF,rpoB@K939Q,U,{},"{""proportion"": 0.0, ""confidence"": [0.0, 0.4741955741575127], ""p_value"": 1.0, ""contingency"": [[0, 3], [541, 28009]]}",{}
169,NC00962.3,RIF-0.1-0.9,0.0,GARC1,RUS,RIF,rpoB@E639G,U,{},"{""proportion"": 0.0, ""confidence"": [0.0, 0.3511165007651012], ""p_value"": 1.0, ""contingency"": [[0, 5], [541, 28009]]}",{}
170,NC00962.3,RIF-0.1-0.9,0.0,GARC1,RUS,RIF,rpoB@H445Q,U,{},"{""proportion"": 0.0, ""confidence"": [0.0, 0.7301340512159458], ""p_value"": 1.0, ""contingency"": [[0, 1], [541, 28009]]}",{}
171,NC00962.3,RIF-0.1-0.9,0.0,GARC1,RUS,RIF,rpoB@L1132V,U,{},"{""proportion"": 0.0, ""confidence"": [0.0, 0.7301340512159458], ""p_value"": 1.0, ""contingency"": [[0, 1], [541, 28009]]}",{}
172,NC00962.3,RIF-0.1-0.9,0.0,GARC1,RUS,RIF,rpoB@K446E,U,{},"{""proportion"": 0.0, ""confidence"": [0.0, 0.7301340512159458], ""p_value"": 1.0, ""contingency"": [[0, 1], [541, 28009]]}",{}
173,NC00962.3,RIF-0.1-0.9,0.0,GARC1,RUS,RIF,rpoB@H343R,U,{},"{""proportion"": 0.0, ""confidence"": [0.0, 0.5749693909936535], ""p_value"": 1.0, ""contingency"": [[0, 2], [541, 28009]]}",{}
174,NC00962.3,RIF-0.1-0.9,0.0,GARC1,RUS,RIF,rpoB@E360Q,U,{},"{""proportion"": 0.0, ""confidence"": [0.0, 0.7301340512159458], ""p_value"": 1.0, ""contingency"": [[0, 1], [541, 28009]]}",{}
175,NC00962.3,RIF-0.1-0.9,0.0,GARC1,RUS,RIF,rpoB@E639K,U,{},"{""proportion"": 0.0, ""confidence"": [0.0, 0.7301340512159458], ""p_value"": 1.0, ""contingency"": [[0, 1], [541, 28009]]}",{}
176,NC00962.3,RIF-0.1-0.9,0.0,GARC1,RUS,RIF,rpoB@T1018A,U,{},"{""proportion"": 0.0, ""confidence"": [0.0, 0.7301340512159458], ""p_value"": 1.0, ""contingency"": [[0, 1], [541, 28009]]}",{}
177,NC00962.3,RIF-0.1-0.9,0.0,GARC1,RUS,RIF,rpoB@L778M,U,{},"{""proportion"": 0.0, ""confidence"": [0.0, 0.7301340512159458], ""p_value"": 1.0, ""contingency"": [[0, 1], [541, 28009]]}",{}
178,NC00962.3,RIF-0.1-0.9,0.0,GARC1,RUS,RIF,rpoB@N163D,U,{},"{""proportion"": 0.0, ""confidence"": [0.0, 0.4741955741575127], ""p_value"": 1.0, ""contingency"": [[0, 3], [541, 28009]]}",{}
179,NC00962.3,RIF-0.1-0.9,0.0,GARC1,RUS,RIF,rpoB@c-26t,U,{},"{""proportion"": 0.0, ""confidence"": [0.0, 0.7301340512159458], ""p_value"": 1.0, ""contingency"": [[0, 1], [541, 28009]]}",{}
180,NC00962.3,RIF-0.1-0.9,0.0,GARC1,RUS,RIF,rpoB@S98A,U,{},"{""proportion"": 0.0, ""confidence"": [0.0, 0.7301340512159458], ""p_value"": 1.0, ""contingency"": [[0, 1], [541, 28009]]}",{}
181,NC00962.3,RIF-0.1-0.9,0.0,GARC1,RUS,RIF,rpoB@E738A,U,{},"{""proportion"": 0.0, ""confidence"": [0.0, 0.5749693909936535], ""p_value"": 1.0, ""contingency"": [[0, 2], [541, 28009]]}",{}
182,NC00962.3,RIF-0.1-0.9,0.0,GARC1,RUS,RIF,rpoB@c-88t,U,{},"{""proportion"": 0.0, ""confidence"": [0.0, 0.5749693909936535], ""p_value"": 1.0, ""contingency"": [[0, 2], [541, 28009]]}",{}
183,NC00962.3,RIF-0.1-0.9,0.0,GARC1,RUS,RIF,rpoB@H445F,U,{},"{""proportion"": 1.0, ""confidence"": [0.26986594878405434, 1.0000000000000002], ""p_value"": 0.1, ""contingency"": [[1, 0], [541, 28009]]}",{}
185,NC00962.3,RIF-0.1-0.9,0.0,GARC1,RUS,RIF,rpoB@S441W,U,{},"{""proportion"": 1.0, ""confidence"": [0.26986594878405434, 1.0000000000000002], ""p_value"": 0.1, ""contingency"": [[1, 0], [541, 28009]]}",{}
186,NC00962.3,RIF-0.1-0.9,0.0,GARC1,RUS,RIF,rpoB@1291_ins_gcc,U,{},"{""proportion"": 0.5, ""confidence"": [0.12086631942227369, 0.8791336805777263], ""p_value"": 0.19000000000000003, ""contingency"": [[1, 1], [541, 28009]]}",{}
190,NC00962.3,RIF-0.1-0.9,0.0,GARC1,RUS,RIF,rpoB@F669L,U,{},"{""proportion"": 0.0, ""confidence"": [0.0, 0.7301340512159458], ""p_value"": 1.0, ""contingency"": [[0, 1], [541, 28009]]}",{}
191,NC00962.3,RIF-0.1-0.9,0.0,GARC1,RUS,RIF,rpoB@1302_del_ggaccagaacaaccc,U,{},"{""proportion"": 1.0, ""confidence"": [0.26986594878405434, 1.0000000000000002], ""p_value"": 0.1, ""contingency"": [[1, 0], [541, 28009]]}",{}
192,NC00962.3,RIF-0.1-0.9,0.0,GARC1,RUS,RIF,rpoB@M434I,U,{},"{""proportion"": 1.0, ""confidence"": [0.26986594878405434, 1.0000000000000002], ""p_value"": 0.1, ""contingency"": [[1, 0], [541, 28009]]}",{}
193,NC00962.3,RIF-0.1-0.9,0.0,GARC1,RUS,RIF,rpoB@A977T,U,{},"{""proportion"": 0.0, ""confidence"": [0.0, 0.5749693909936535], ""p_value"": 1.0, ""contingency"": [[0, 2], [541, 28009]]}",{}
194,NC00962.3,RIF-0.1-0.9,0.0,GARC1,RUS,RIF,rpoB@N292S,U,{},"{""proportion"": 0.0, ""confidence"": [0.0, 0.4741955741575127], ""p_value"": 1.0, ""contingency"": [[0, 3], [541, 28009]]}",{}
195,NC00962.3,RIF-0.1-0.9,0.0,GARC1,RUS,RIF,rpoB@F295L,U,{},"{""proportion"": 0.0, ""confidence"": [0.0, 0.5749693909936535], ""p_value"": 1.0, ""contingency"": [[0, 2], [541, 28009]]}",{}
196,NC00962.3,RIF-0.1-0.9,0.0,GARC1,RUS,RIF,rpoB@E156D,U,{},"{""proportion"": 0.0, ""confidence"": [0.0, 0.4741955741575127], ""p_value"": 1.0, ""contingency"": [[0, 3], [541, 28009]]}",{}
197,NC00962.3,RIF-0.1-0.9,0.0,GARC1,RUS,RIF,rpoB@P321S,U,{},"{""proportion"": 0.0, ""confidence"": [0.0, 0.7301340512159458], ""p_value"": 1.0, ""contingency"": [[0, 1], [541, 28009]]}",{}
198,NC00962.3,RIF-0.1-0.9,0.0,GARC1,RUS,RIF,rpoB@E320D,U,{},"{""proportion"": 0.0, ""confidence"": [0.0, 0.40347862520270455], ""p_value"": 1.0, ""contingency"": [[0, 4], [541, 28009]]}",{}
199,NC00962.3,RIF-0.1-0.9,0.0,GARC1,RUS,RIF,rpoB@G516D,U,{},"{""proportion"": 0.0, ""confidence"": [0.0, 0.5749693909936535], ""p_value"": 1.0, ""contingency"": [[0, 2], [541, 28009]]}",{}
200,NC00962.3,RIF-0.1-0.9,0.0,GARC1,RUS,RIF,rpoB@A498G,U,{},"{""proportion"": 0.0, ""confidence"": [0.0, 0.7301340512159458], ""p_value"": 1.0, ""contingency"": [[0, 1], [541, 28009]]}",{}
201,NC00962.3,RIF-0.1-0.9,0.0,GARC1,RUS,RIF,rpoB@H749R,U,{},"{""proportion"": 0.0, ""confidence"": [0.0, 0.7301340512159458], ""p_value"": 1.0, ""contingency"": [[0, 1], [541, 28009]]}",{}
202,NC00962.3,RIF-0.1-0.9,0.0,GARC1,RUS,RIF,rpoB@P954R,U,{},"{""proportion"": 0.0, ""confidence"": [0.0, 0.4741955741575127], ""p_value"": 1.0, ""contingency"": [[0, 3], [541, 28009]]}",{}
203,NC00962.3,RIF-0.1-0.9,0.0,GARC1,RUS,RIF,rpoB@A536V,U,{},"{""proportion"": 0.0, ""confidence"": [0.0, 0.7301340512159458], ""p_value"": 1.0, ""contingency"": [[0, 1], [541, 28009]]}",{}
204,NC00962.3,RIF-0.1-0.9,0.0,GARC1,RUS,RIF,rpoB@R499Q,U,{},"{""proportion"": 0.0, ""confidence"": [0.0, 0.7301340512159458], ""p_value"": 1.0, ""contingency"": [[0, 1], [541, 28009]]}",{}
205,NC00962.3,RIF-0.1-0.9,0.0,GARC1,RUS,RIF,rpoB@A527V,U,{},"{""proportion"": 0.0, ""confidence"": [0.0, 0.7301340512159458], ""p_value"": 1.0, ""contingency"": [[0, 1], [541, 28009]]}",{}
206,NC00962.3,RIF-0.1-0.9,0.0,GARC1,RUS,RIF,rpoB@A69P,U,{},"{""proportion"": 0.0, ""confidence"": [0.0, 0.25272359742376316], ""p_value"": 1.0, ""contingency"": [[0, 8], [541, 28009]]}",{}
207,NC00962.3,RIF-0.1-0.9,0.0,GARC1,RUS,RIF,rpoB@V613F,U,{},"{""proportion"": 0.0, ""confidence"": [0.0, 0.31078398130591417], ""p_value"": 1.0, ""contingency"": [[0, 6], [541, 28009]]}",{}
208,NC00962.3,RIF-0.1-0.9,0.0,GARC1,RUS,RIF,rpoB@D897G,U,{},"{""proportion"": 0.0, ""confidence"": [0.0, 0.7301340512159458], ""p_value"": 1.0, ""contingency"": [[0, 1], [541, 28009]]}",{}
209,NC00962.3,RIF-0.1-0.9,0.0,GARC1,RUS,RIF,rpoB@S936R,U,{},"{""proportion"": 0.0, ""confidence"": [0.0, 0.3511165007651012], ""p_value"": 1.0, ""contingency"": [[0, 5], [541, 28009]]}",{}
210,NC00962.3,RIF-0.1-0.9,0.0,GARC1,RUS,RIF,rpoB@P358S,U,{},"{""proportion"": 0.0, ""confidence"": [0.0, 0.7301340512159458], ""p_value"": 1.0, ""contingency"": [[0, 1], [541, 28009]]}",{}
211,NC00962.3,RIF-0.1-0.9,0.0,GARC1,RUS,RIF,rpoB@G95R,U,{},"{""proportion"": 0.0, ""confidence"": [0.0, 0.7301340512159458], ""p_value"": 1.0, ""contingency"": [[0, 1], [541, 28009]]}",{}
212,NC00962.3,RIF-0.1-0.9,0.0,GARC1,RUS,RIF,rpoB@M398V,U,{},"{""proportion"": 0.0, ""confidence"": [0.0, 0.7301340512159458], ""p_value"": 1.0, ""contingency"": [[0, 1], [541, 28009]]}",{}
213,NC00962.3,RIF-0.1-0.9,0.0,GARC1,RUS,RIF,rpoB@A934V,U,{},"{""proportion"": 0.0, ""confidence"": [0.0, 0.7301340512159458], ""p_value"": 1.0, ""contingency"": [[0, 1], [541, 28009]]}",{}
214,NC00962.3,RIF-0.1-0.9,0.0,GARC1,RUS,RIF,rpoB@E645G,U,{},"{""proportion"": 0.0, ""confidence"": [0.0, 0.7301340512159458], ""p_value"": 1.0, ""contingency"": [[0, 1], [541, 28009]]}",{}
215,NC00962.3,RIF-0.1-0.9,0.0,GARC1,RUS,RIF,rpoB@I783V,U,{},"{""proportion"": 0.0, ""confidence"": [0.0, 0.4741955741575127], ""p_value"": 1.0, ""contingency"": [[0, 3], [541, 28009]]}",{}
216,NC00962.3,RIF-0.1-0.9,0.0,GARC1,RUS,RIF,rpoB@E805A,U,{},"{""proportion"": 0.0, ""confidence"": [0.0, 0.7301340512159458], ""p_value"": 1.0, ""contingency"": [[0, 1], [541, 28009]]}",{}
217,NC00962.3,RIF-0.1-0.9,0.0,GARC1,RUS,RIF,rpoB@E1145G,U,{},"{""proportion"": 0.0, ""confidence"": [0.0, 0.4741955741575127], ""p_value"": 1.0, ""contingency"": [[0, 3], [541, 28009]]}",{}
218,NC00962.3,RIF-0.1-0.9,0.0,GARC1,RUS,RIF,rpoB@R552L,U,{},"{""proportion"": 1.0, ""confidence"": [0.26986594878405434, 1.0000000000000002], ""p_value"": 0.1, ""contingency"": [[1, 0], [541, 28009]]}",{}
219,NC00962.3,RIF-0.1-0.9,0.0,GARC1,RUS,RIF,rpoB@c-84a,U,{},"{""proportion"": 0.0, ""confidence"": [0.0, 0.7301340512159458], ""p_value"": 1.0, ""contingency"": [[0, 1], [541, 28009]]}",{}
220,NC00962.3,RIF-0.1-0.9,0.0,GARC1,RUS,RIF,rpoB@N369D,U,{},"{""proportion"": 0.0, ""confidence"": [0.0, 0.7301340512159458], ""p_value"": 1.0, ""contingency"": [[0, 1], [541, 28009]]}",{}
221,NC00962.3,RIF-0.1-0.9,0.0,GARC1,RUS,RIF,rpoB@P1014R,U,{},"{""proportion"": 0.0, ""confidence"": [0.0, 0.4741955741575127], ""p_value"": 1.0, ""contingency"": [[0, 3], [541, 28009]]}",{}
222,NC00962.3,RIF-0.1-0.9,0.0,GARC1,RUS,RIF,rpoB@t-30c,U,{},"{""proportion"": 0.0, ""confidence"": [0.0, 0.7301340512159458], ""p_value"": 1.0, ""contingency"": [[0, 1], [541, 28009]]}",{}
223,NC00962.3,RIF-0.1-0.9,0.0,GARC1,RUS,RIF,rpoB@P988S,U,{},"{""proportion"": 0.0, ""confidence"": [0.0, 0.7301340512159458], ""p_value"": 1.0, ""contingency"": [[0, 1], [541, 28009]]}",{}
224,NC00962.3,RIF-0.1-0.9,0.0,GARC1,RUS,RIF,rpoB@c-54a,U,{},"{""proportion"": 0.0, ""confidence"": [0.0, 0.7301340512159458], ""p_value"": 1.0, ""contingency"": [[0, 1], [541, 28009]]}",{}
225,NC00962.3,RIF-0.1-0.9,0.0,GARC1,RUS,RIF,rpoB@G659D,U,{},"{""proportion"": 0.0, ""confidence"": [0.0, 0.7301340512159458], ""p_value"": 1.0, ""contingency"": [[0, 1], [541, 28009]]}",{}
226,NC00962.3,RIF-0.1-0.9,0.0,GARC1,RUS,RIF,rpoB@K1102R,U,{},"{""proportion"": 0.0, ""confidence"": [0.0, 0.7301340512159458], ""p_value"": 1.0, ""contingency"": [[0, 1], [541, 28009]]}",{}
227,NC00962.3,RIF-0.1-0.9,0.0,GARC1,RUS,RIF,rpoB@I892T,U,{},"{""proportion"": 0.0, ""confidence"": [0.0, 0.5749693909936535], ""p_value"": 1.0, ""contingency"": [[0, 2], [541, 28009]]}",{}
228,NC00962.3,RIF-0.1-0.9,0.0,GARC1,RUS,RIF,rpoB@E639D,U,{},"{""proportion"": 0.0, ""confidence"": [0.0, 0.7301340512159458], ""p_value"": 1.0, ""contingency"": [[0, 1], [541, 28009]]}",{}
229,NC00962.3,RIF-0.1-0.9,0.0,GARC1,RUS,RIF,rpoB@E789K,U,{},"{""proportion"": 0.0, ""confidence"": [0.0, 0.7301340512159458], ""p_value"": 1.0, ""contingency"": [[0, 1], [541, 28009]]}",{}
230,NC00962.3,RIF-0.1-0.9,0.0,GARC1,RUS,RIF,rpoB@A960G,U,{},"{""proportion"": 0.0, ""confidence"": [0.0, 0.7301340512159458], ""p_value"": 1.0, ""contingency"": [[0, 1], [541, 28009]]}",{}
231,NC00962.3,RIF-0.1-0.9,0.0,GARC1,RUS,RIF,rpoB@D209N,U,{},"{""proportion"": 0.0, ""confidence"": [0.0, 0.5749693909936535], ""p_value"": 1.0, ""contingency"": [[0, 2], [541, 28009]]}",{}
232,NC00962.3,RIF-0.1-0.9,0.0,GARC1,RUS,RIF,rpoB@V198L,U,{},"{""proportion"": 0.0, ""confidence"": [0.0, 0.7301340512159458], ""p_value"": 1.0, ""contingency"": [[0, 1], [541, 28009]]}",{}
233,NC00962.3,RIF-0.1-0.9,0.0,GARC1,RUS,RIF,rpoB@F548L,U,{},"{""proportion"": 0.0, ""confidence"": [0.0, 0.7301340512159458], ""p_value"": 1.0, ""contingency"": [[0, 1], [541, 28009]]}",{}
234,NC00962.3,RIF-0.1-0.9,0.0,GARC1,RUS,RIF,rpoB@D3G,U,{},"{""proportion"": 0.0, ""confidence"": [0.0, 0.278762695452542], ""p_value"": 1.0, ""contingency"": [[0, 7], [541, 28009]]}",{}
235,NC00962.3,RIF-0.1-0.9,0.0,GARC1,RUS,RIF,rpoB@A942T,U,{},"{""proportion"": 0.0, ""confidence"": [0.0, 0.7301340512159458], ""p_value"": 1.0, ""contingency"": [[0, 1], [541, 28009]]}",{}
236,NC00962.3,RIF-0.1-0.9,0.0,GARC1,RUS,RIF,rpoB@A974G,U,{},"{""proportion"": 0.0, ""confidence"": [0.0, 0.7301340512159458], ""p_value"": 1.0, ""contingency"": [[0, 1], [541, 28009]]}",{}
237,NC00962.3,RIF-0.1-0.9,0.0,GARC1,RUS,RIF,rpoB@T622I,U,{},"{""proportion"": 0.0, ""confidence"": [0.0, 0.7301340512159458], ""p_value"": 1.0, ""contingency"": [[0, 1], [541, 28009]]}",{}
238,NC00962.3,RIF-0.1-0.9,0.0,GARC1,RUS,RIF,rpoB@D190A,U,{},"{""proportion"": 0.0, ""confidence"": [0.0, 0.7301340512159458], ""p_value"": 1.0, ""contingency"": [[0, 1], [541, 28009]]}",{}
239,NC00962.3,RIF-0.1-0.9,0.0,GARC1,RUS,RIF,rpoB@S67F,U,{},"{""proportion"": 0.0, ""confidence"": [0.0, 0.7301340512159458], ""p_value"": 1.0, ""contingency"": [[0, 1], [541, 28009]]}",{}
240,NC00962.3,RIF-0.1-0.9,0.0,GARC1,RUS,RIF,rpoB@S984L,U,{},"{""proportion"": 0.0, ""confidence"": [0.0, 0.7301340512159458], ""p_value"": 1.0, ""contingency"": [[0, 1], [541, 28009]]}",{}
241,NC00962.3,RIF-0.1-0.9,0.0,GARC1,RUS,RIF,rpoB@E737G,U,{},"{""proportion"": 0.0, ""confidence"": [0.0, 0.7301340512159458], ""p_value"": 1.0, ""contingency"": [[0, 1], [541, 28009]]}",{}
242,NC00962.3,RIF-0.1-0.9,0.0,GARC1,RUS,RIF,rpoB@R225Q,U,{},"{""proportion"": 0.0, ""confidence"": [0.0, 0.7301340512159458], ""p_value"": 1.0, ""contingency"": [[0, 1], [541, 28009]]}",{}
243,NC00962.3,RIF-0.1-0.9,0.0,GARC1,RUS,RIF,rpoB@L235R,U,{},"{""proportion"": 0.0, ""confidence"": [0.0, 0.7301340512159458], ""p_value"": 1.0, ""contingency"": [[0, 1], [541, 28009]]}",{}
244,NC00962.3,RIF-0.1-0.9,0.0,GARC1,RUS,RIF,rpoB@H656Q,U,{},"{""proportion"": 0.0, ""confidence"": [0.0, 0.4741955741575127], ""p_value"": 1.0, ""contingency"": [[0, 3], [541, 28009]]}",{}
245,NC00962.3,RIF-0.1-0.9,0.0,GARC1,RUS,RIF,rpoB@V946G,U,{},"{""proportion"": 0.0, ""confidence"": [0.0, 0.7301340512159458], ""p_value"": 1.0, ""contingency"": [[0, 1], [541, 28009]]}",{}
246,NC00962.3,RIF-0.1-0.9,0.0,GARC1,RUS,RIF,rpoB@A998V,U,{},"{""proportion"": 0.0, ""confidence"": [0.0, 0.5749693909936535], ""p_value"": 1.0, ""contingency"": [[0, 2], [541, 28009]]}",{}
247,NC00962.3,RIF-0.1-0.9,0.0,GARC1,RUS,RIF,rpoB@V865M,U,{},"{""proportion"": 0.0, ""confidence"": [0.0, 0.7301340512159458], ""p_value"": 1.0, ""contingency"": [[0, 1], [541, 28009]]}",{}
248,NC00962.3,RIF-0.1-0.9,0.0,GARC1,RUS,RIF,rpoB@V262F,U,{},"{""proportion"": 0.0, ""confidence"": [0.0, 0.7301340512159458], ""p_value"": 1.0, ""contingency"": [[0, 1], [541, 28009]]}",{}
249,NC00962.3,RIF-0.1-0.9,0.0,GARC1,RUS,RIF,rpoB@D107N,U,{},"{""proportion"": 0.0, ""confidence"": [0.0, 0.7301340512159458], ""p_value"": 1.0, ""contingency"": [[0, 1], [541, 28009]]}",{}
250,NC00962.3,RIF-0.1-0.9,0.0,GARC1,RUS,RIF,rpoB@G217S,U,{},"{""proportion"": 0.0, ""confidence"": [0.0, 0.7301340512159458], ""p_value"": 1.0, ""contingency"": [[0, 1], [541, 28009]]}",{}
251,NC00962.3,RIF-0.1-0.9,0.0,GARC1,RUS,RIF,rpoB@A632G,U,{},"{""proportion"": 0.0, ""confidence"": [0.0, 0.7301340512159458], ""p_value"": 1.0, ""contingency"": [[0, 1], [541, 28009]]}",{}
252,NC00962.3,RIF-0.1-0.9,0.0,GARC1,RUS,RIF,rpoB@F1005V,U,{},"{""proportion"": 0.0, ""confidence"": [0.0, 0.7301340512159458], ""p_value"": 1.0, ""contingency"": [[0, 1], [541, 28009]]}",{}
253,NC00962.3,RIF-0.1-0.9,0.0,GARC1,RUS,RIF,rpoB@V332I,U,{},"{""proportion"": 0.0, ""confidence"": [0.0, 0.7301340512159458], ""p_value"": 1.0, ""contingency"": [[0, 1], [541, 28009]]}",{}
254,NC00962.3,RIF-0.1-0.9,0.0,GARC1,RUS,RIF,rpoB@K223E,U,{},"{""proportion"": 0.0, ""confidence"": [0.0, 0.7301340512159458], ""p_value"": 1.0, ""contingency"": [[0, 1], [541, 28009]]}",{}
255,NC00962.3,RIF-0.1-0.9,0.0,GARC1,RUS,RIF,rpoB@H749Y,U,{},"{""proportion"": 0.0, ""confidence"": [0.0, 0.21294197008340696], ""p_value"": 0.6125795109999999, ""contingency"": [[0, 10], [541, 28009]]}",{}
256,NC00962.3,RIF-0.1-0.9,0.0,GARC1,RUS,RIF,rpoB@T444I,U,{},"{""proportion"": 0.0, ""confidence"": [0.0, 0.7301340512159458], ""p_value"": 1.0, ""contingency"": [[0, 1], [541, 28009]]}",{}
257,NC00962.3,RIF-0.1-0.9,0.0,GARC1,RUS,RIF,rpoB@A868V,U,{},"{""proportion"": 0.0, ""confidence"": [0.0, 0.7301340512159458], ""p_value"": 1.0, ""contingency"": [[0, 1], [541, 28009]]}",{}
258,NC00962.3,RIF-0.1-0.9,0.0,GARC1,RUS,RIF,rpoB@M573T,U,{},"{""proportion"": 0.0, ""confidence"": [0.0, 0.31078398130591417], ""p_value"": 1.0, ""contingency"": [[0, 6], [541, 28009]]}",{}
259,NC00962.3,RIF-0.1-0.9,0.0,GARC1,RUS,RIF,rpoB@P30A,U,{},"{""proportion"": 0.0, ""confidence"": [0.0, 0.40347862520270455], ""p_value"": 1.0, ""contingency"": [[0, 4], [541, 28009]]}",{}
260,NC00962.3,RIF-0.1-0.9,0.0,GARC1,RUS,RIF,rpoB@R532C,U,{},"{""proportion"": 0.0, ""confidence"": [0.0, 0.7301340512159458], ""p_value"": 1.0, ""contingency"": [[0, 1], [541, 28009]]}",{}
261,NC00962.3,RIF-0.1-0.9,0.0,GARC1,RUS,RIF,rpoB@E344Q,U,{},"{""proportion"": 0.0, ""confidence"": [0.0, 0.7301340512159458], ""p_value"": 1.0, ""contingency"": [[0, 1], [541, 28009]]}",{}
262,NC00962.3,RIF-0.1-0.9,0.0,GARC1,RUS,RIF,rpoB@S20I,U,{},"{""proportion"": 0.0, ""confidence"": [0.0, 0.7301340512159458], ""p_value"": 1.0, ""contingency"": [[0, 1], [541, 28009]]}",{}
263,NC00962.3,RIF-0.1-0.9,0.0,GARC1,RUS,RIF,rpoB@S641R,U,{},"{""proportion"": 0.0, ""confidence"": [0.0, 0.7301340512159458], ""p_value"": 1.0, ""contingency"": [[0, 1], [541, 28009]]}",{}
264,NC00962.3,RIF-0.1-0.9,0.0,GARC1,RUS,RIF,rpoB@M624T,U,{},"{""proportion"": 0.0, ""confidence"": [0.0, 0.7301340512159458], ""p_value"": 1.0, ""contingency"": [[0, 1], [541, 28009]]}",{}
265,NC00962.3,RIF-0.1-0.9,0.0,GARC1,RUS,RIF,rpoB@-59_del_g,U,{},"{""proportion"": 0.0, ""confidence"": [0.0, 0.7301340512159458], ""p_value"": 1.0, ""contingency"": [[0, 1], [541, 28009]]}",{}
266,NC00962.3,RIF-0.1-0.9,0.0,GARC1,RUS,RIF,rpoB@A68V,U,{},"{""proportion"": 0.0, ""confidence"": [0.0, 0.7301340512159458], ""p_value"": 1.0, ""contingency"": [[0, 1], [541, 28009]]}",{}
267,NC00962.3,RIF-0.1-0.9,0.0,GARC1,RUS,RIF,rpoB@E1011A,U,{},"{""proportion"": 0.0, ""confidence"": [0.0, 0.7301340512159458], ""p_value"": 1.0, ""contingency"": [[0, 1], [541, 28009]]}",{}
268,NC00962.3,RIF-0.1-0.9,0.0,GARC1,RUS,RIF,rpoB@R222S,U,{},"{""proportion"": 0.0, ""confidence"": [0.0, 0.7301340512159458], ""p_value"": 1.0, ""contingency"": [[0, 1], [541, 28009]]}",{}
269,NC00962.3,RIF-0.1-0.9,0.0,GARC1,RUS,RIF,rpoB@S450V,U,{},"{""proportion"": 0.0, ""confidence"": [0.0, 0.40347862520270455], ""p_value"": 1.0, ""contingency"": [[0, 4], [541, 28009]]}",{}
270,NC00962.3,RIF-0.1-0.9,0.0,GARC1,RUS,RIF,rpoB@S450G,U,{},"{""proportion"": 1.0, ""confidence"": [0.26986594878405434, 1.0000000000000002], ""p_value"": 0.1, ""contingency"": [[1, 0], [541, 28009]]}",{}
271,NC00962.3,RIF-0.1-0.9,0.0,GARC1,RUS,RIF,rpoB@D543G,U,{},"{""proportion"": 0.0, ""confidence"": [0.0, 0.5749693909936535], ""p_value"": 1.0, ""contingency"": [[0, 2], [541, 28009]]}",{}
272,NC00962.3,RIF-0.1-0.9,0.0,GARC1,RUS,RIF,rpoB@c-49t,U,{},"{""proportion"": 0.0, ""confidence"": [0.0, 0.5749693909936535], ""p_value"": 1.0, ""contingency"": [[0, 2], [541, 28009]]}",{}
273,NC00962.3,RIF-0.1-0.9,0.0,GARC1,RUS,RIF,rpoB@P988A,U,{},"{""proportion"": 0.0, ""confidence"": [0.0, 0.5749693909936535], ""p_value"": 1.0, ""contingency"": [[0, 2], [541, 28009]]}",{}
274,NC00962.3,RIF-0.1-0.9,0.0,GARC1,RUS,RIF,rpoB@S672F,U,{},"{""proportion"": 0.0, ""confidence"": [0.0, 0.5749693909936535], ""p_value"": 1.0, ""contingency"": [[0, 2], [541, 28009]]}",{}
275,NC00962.3,RIF-0.1-0.9,0.0,GARC1,RUS,RIF,rpoB@D752N,U,{},"{""proportion"": 0.0, ""confidence"": [0.0, 0.7301340512159458], ""p_value"": 1.0, ""contingency"": [[0, 1], [541, 28009]]}",{}
276,NC00962.3,RIF-0.1-0.9,0.0,GARC1,RUS,RIF,rpoB@E721D,U,{},"{""proportion"": 0.0, ""confidence"": [0.0, 0.7301340512159458], ""p_value"": 1.0, ""contingency"": [[0, 1], [541, 28009]]}",{}
277,NC00962.3,RIF-0.1-0.9,0.0,GARC1,RUS,RIF,rpoB@S493W,U,{},"{""proportion"": 0.0, ""confidence"": [0.0, 0.4741955741575127], ""p_value"": 1.0, ""contingency"": [[0, 3], [541, 28009]]}",{}
278,NC00962.3,RIF-0.1-0.9,0.0,GARC1,RUS,RIF,rpoB@P502L,U,{},"{""proportion"": 0.0, ""confidence"": [0.0, 0.7301340512159458], ""p_value"": 1.0, ""contingency"": [[0, 1], [541, 28009]]}",{}
279,NC00962.3,RIF-0.1-0.9,0.0,GARC1,RUS,RIF,rpoB@A29V,U,{},"{""proportion"": 0.0, ""confidence"": [0.0, 0.7301340512159458], ""p_value"": 1.0, ""contingency"": [[0, 1], [541, 28009]]}",{}
280,NC00962.3,RIF-0.1-0.9,0.0,GARC1,RUS,RIF,rpoB@S1134R,U,{},"{""proportion"": 0.0, ""confidence"": [0.0, 0.7301340512159458], ""p_value"": 1.0, ""contingency"": [[0, 1], [541, 28009]]}",{}
281,NC00962.3,RIF-0.1-0.9,0.0,GARC1,RUS,RIF,rpoB@K157N,U,{},"{""proportion"": 0.0, ""confidence"": [0.0, 0.7301340512159458], ""p_value"": 1.0, ""contingency"": [[0, 1], [541, 28009]]}",{}
282,NC00962.3,RIF-0.1-0.9,0.0,GARC1,RUS,RIF,rpoB@1289_del_tgagccaattca,U,{},"{""proportion"": 1.0, ""confidence"": [0.26986594878405434, 1.0000000000000002], ""p_value"": 0.1, ""contingency"": [[1, 0], [541, 28009]]}",{}
283,NC00962.3,RIF-0.1-0.9,0.0,GARC1,RUS,RIF,rpoB@I744V,U,{},"{""proportion"": 0.0, ""confidence"": [0.0, 0.7301340512159458], ""p_value"": 1.0, ""contingency"": [[0, 1], [541, 28009]]}",{}
284,NC00962.3,RIF-0.1-0.9,0.0,GARC1,RUS,RIF,rpoB@L893V,U,{},"{""proportion"": 0.0, ""confidence"": [0.0, 0.4741955741575127], ""p_value"": 1.0, ""contingency"": [[0, 3], [541, 28009]]}",{}
285,NC00962.3,RIF-0.1-0.9,0.0,GARC1,RUS,RIF,rpoB@A1152T,U,{},"{""proportion"": 0.0, ""confidence"": [0.0, 0.7301340512159458], ""p_value"": 1.0, ""contingency"": [[0, 1], [541, 28009]]}",{}
286,NC00962.3,RIF-0.1-0.9,0.0,GARC1,RUS,RIF,rpoB@P589A,U,{},"{""proportion"": 0.0, ""confidence"": [0.0, 0.7301340512159458], ""p_value"": 1.0, ""contingency"": [[0, 1], [541, 28009]]}",{}
289,NC00962.3,RIF-0.1-0.9,0.0,GARC1,RUS,RIF,rpoB@D211V,U,{},"{""proportion"": 0.0, ""confidence"": [0.0, 0.7301340512159458], ""p_value"": 1.0, ""contingency"": [[0, 1], [541, 28009]]}",{}
290,NC00962.3,RIF-0.1-0.9,0.0,GARC1,RUS,RIF,rpoB@L430Z,U,{},"{""proportion"": 0.0, ""confidence"": [0.0, 0.7301340512159458], ""p_value"": 1.0, ""contingency"": [[0, 1], [541, 28009]]}",{}
291,NC00962.3,RIF-0.1-0.9,0.0,GARC1,RUS,RIF,rpoB@D903N,U,{},"{""proportion"": 0.0, ""confidence"": [0.0, 0.7301340512159458], ""p_value"": 1.0, ""contingency"": [[0, 1], [541, 28009]]}",{}
292,NC00962.3,RIF-0.1-0.9,0.0,GARC1,RUS,RIF,rpoB@Q975H,U,{},"{""proportion"": 0.0, ""confidence"": [0.0, 0.1839811947474769], ""p_value"": 0.623427284692, ""contingency"": [[0, 12], [541, 28009]]}",{}
294,NC00962.3,RIF-0.1-0.9,0.0,GARC1,RUS,RIF,rpoB@1303_del_gac,U,{},"{""proportion"": 1.0, ""confidence"": [0.26986594878405434, 1.0000000000000002], ""p_value"": 0.1, ""contingency"": [[1, 0], [541, 28009]]}",{}
295,NC00962.3,RIF-0.1-0.9,0.0,GARC1,RUS,RIF,rpoB@D1146G,U,{},"{""proportion"": 0.0, ""confidence"": [0.0, 0.7301340512159458], ""p_value"": 1.0, ""contingency"": [[0, 1], [541, 28009]]}",{}
296,NC00962.3,RIF-0.1-0.9,0.0,GARC1,RUS,RIF,rpoB@I162V,U,{},"{""proportion"": 0.0, ""confidence"": [0.0, 0.7301340512159458], ""p_value"": 1.0, ""contingency"": [[0, 1], [541, 28009]]}",{}
297,NC00962.3,RIF-0.1-0.9,0.0,GARC1,RUS,RIF,rpoB@D634G,U,{},"{""proportion"": 0.0, ""confidence"": [0.0, 0.3511165007651012], ""p_value"": 1.0, ""contingency"": [[0, 5], [541, 28009]]}",{}
298,NC00962.3,RIF-0.1-0.9,0.0,GARC1,RUS,RIF,rpoB@V168M,U,{},"{""proportion"": 1.0, ""confidence"": [0.26986594878405434, 1.0000000000000002], ""p_value"": 0.1, ""contingency"": [[1, 0], [541, 28009]]}",{}
300,NC00962.3,RIF-0.1-0.9,0.0,GARC1,RUS,RIF,rpoB@P454S,U,{},"{""proportion"": 0.0, ""confidence"": [0.0, 0.7301340512159458], ""p_value"": 1.0, ""contingency"": [[0, 1], [541, 28009]]}",{}
301,NC00962.3,RIF-0.1-0.9,0.0,GARC1,RUS,RIF,rpoB@L452Q,U,{},"{""proportion"": 0.0, ""confidence"": [0.0, 0.7301340512159458], ""p_value"": 1.0, ""contingency"": [[0, 1], [541, 28009]]}",{}
302,NC00962.3,RIF-0.1-0.9,0.0,GARC1,RUS,RIF,rpoB@Q537R,U,{},"{""proportion"": 0.0, ""confidence"": [0.0, 0.7301340512159458], ""p_value"": 1.0, ""contingency"": [[0, 1], [541, 28009]]}",{}
303,NC00962.3,RIF-0.1-0.9,0.0,GARC1,RUS,RIF,rpoB@P439L,U,{},"{""proportion"": 0.0, ""confidence"": [0.0, 0.7301340512159458], ""p_value"": 1.0, ""contingency"": [[0, 1], [541, 28009]]}",{}
304,NC00962.3,RIF-0.1-0.9,0.0,GARC1,RUS,RIF,rpoB@T427G,U,{},"{""proportion"": 0.0, ""confidence"": [0.0, 0.7301340512159458], ""p_value"": 1.0, ""contingency"": [[0, 1], [541, 28009]]}",{}
305,NC00962.3,RIF-0.1-0.9,0.0,GARC1,RUS,RIF,rpoB@L430R,U,{},"{""proportion"": 0.0, ""confidence"": [0.0, 0.7301340512159458], ""p_value"": 1.0, ""contingency"": [[0, 1], [541, 28009]]}",{}
306,NC00962.3,RIF-0.1-0.9,0.0,GARC1,RUS,RIF,rpoB@T427A,U,{},"{""proportion"": 0.0, ""confidence"": [0.0, 0.7301340512159458], ""p_value"": 1.0, ""contingency"": [[0, 1], [541, 28009]]}",{}
307,NC00962.3,RIF-0.1-0.9,0.0,GARC1,RUS,RIF,rpoB@M1070I,U,{},"{""proportion"": 0.0, ""confidence"": [0.0, 0.5749693909936535], ""p_value"": 1.0, ""contingency"": [[0, 2], [541, 28009]]}",{}
308,NC00962.3,RIF-0.1-0.9,0.0,GARC1,RUS,RIF,rpoB@S239R,U,{},"{""proportion"": 0.0, ""confidence"": [0.0, 0.7301340512159458], ""p_value"": 1.0, ""contingency"": [[0, 1], [541, 28009]]}",{}
309,NC00962.3,RIF-0.1-0.9,0.0,GARC1,RUS,RIF,rpoB@V517M,U,{},"{""proportion"": 0.0, ""confidence"": [0.0, 0.7301340512159458], ""p_value"": 1.0, ""contingency"": [[0, 1], [541, 28009]]}",{}
310,NC00962.3,RIF-0.1-0.9,0.0,GARC1,RUS,RIF,rpoB@K298R,U,{},"{""proportion"": 0.0, ""confidence"": [0.0, 0.7301340512159458], ""p_value"": 1.0, ""contingency"": [[0, 1], [541, 28009]]}",{}
311,NC00962.3,RIF-0.1-0.9,0.0,GARC1,RUS,RIF,rpoB@L232V,U,{},"{""proportion"": 0.0, ""confidence"": [0.0, 0.7301340512159458], ""p_value"": 1.0, ""contingency"": [[0, 1], [541, 28009]]}",{}
312,NC00962.3,RIF-0.1-0.9,0.0,GARC1,RUS,RIF,rpoB@F93L,U,{},"{""proportion"": 0.0, ""confidence"": [0.0, 0.5749693909936535], ""p_value"": 1.0, ""contingency"": [[0, 2], [541, 28009]]}",{}
313,NC00962.3,RIF-0.1-0.9,0.0,GARC1,RUS,RIF,rpoB@G492S,U,{},"{""proportion"": 0.0, ""confidence"": [0.0, 0.7301340512159458], ""p_value"": 1.0, ""contingency"": [[0, 1], [541, 28009]]}",{}
314,NC00962.3,RIF-0.1-0.9,0.0,GARC1,RUS,RIF,rpoB@V534M,U,{},"{""proportion"": 0.0, ""confidence"": [0.0, 0.7301340512159458], ""p_value"": 1.0, ""contingency"": [[0, 1], [541, 28009]]}",{}
315,NC00962.3,RIF-0.1-0.9,0.0,GARC1,RUS,RIF,rpoB@K37N,U,{},"{""proportion"": 0.0, ""confidence"": [0.0, 0.7301340512159458], ""p_value"": 1.0, ""contingency"": [[0, 1], [541, 28009]]}",{}
316,NC00962.3,RIF-0.1-0.9,0.0,GARC1,RUS,RIF,rpoB@H533R,U,{},"{""proportion"": 0.0, ""confidence"": [0.0, 0.7301340512159458], ""p_value"": 1.0, ""contingency"": [[0, 1], [541, 28009]]}",{}
317,NC00962.3,RIF-0.1-0.9,0.0,GARC1,RUS,RIF,rpoB@G890D,U,{},"{""proportion"": 0.0, ""confidence"": [0.0, 0.3511165007651012], ""p_value"": 1.0, ""contingency"": [[0, 5], [541, 28009]]}",{}
318,NC00962.3,RIF-0.1-0.9,0.0,GARC1,RUS,RIF,rpoB@F208L,U,{},"{""proportion"": 0.3333333333333333, ""confidence"": [0.0782657263337284, 0.7464661317187757], ""p_value"": 0.271, ""contingency"": [[1, 2], [541, 28009]]}",{}
319,NC00962.3,RIF-0.1-0.9,0.0,GARC1,RUS,RIF,rpoB@V1168F,U,{},"{""proportion"": 0.0, ""confidence"": [0.0, 0.5749693909936535], ""p_value"": 1.0, ""contingency"": [[0, 2], [541, 28009]]}",{}
320,NC00962.3,RIF-0.1-0.9,0.0,GARC1,RUS,RIF,rpoB@R547S,U,{},"{""proportion"": 0.0, ""confidence"": [0.0, 0.5749693909936535], ""p_value"": 1.0, ""contingency"": [[0, 2], [541, 28009]]}",{}
321,NC00962.3,RIF-0.1-0.9,0.0,GARC1,RUS,RIF,rpoB@L48F,U,{},"{""proportion"": 0.0, ""confidence"": [0.0, 0.40347862520270455], ""p_value"": 1.0, ""contingency"": [[0, 4], [541, 28009]]}",{}
322,NC00962.3,RIF-0.1-0.9,0.0,GARC1,RUS,RIF,rpoB@T52S,U,{},"{""proportion"": 0.0, ""confidence"": [0.0, 0.7301340512159458], ""p_value"": 1.0, ""contingency"": [[0, 1], [541, 28009]]}",{}
323,NC00962.3,RIF-0.1-0.9,0.0,GARC1,RUS,RIF,rpoB@V179M,U,{},"{""proportion"": 0.0, ""confidence"": [0.0, 0.7301340512159458], ""p_value"": 1.0, ""contingency"": [[0, 1], [541, 28009]]}",{}
324,NC00962.3,RIF-0.1-0.9,0.0,GARC1,RUS,RIF,rpoB@M153V,U,{},"{""proportion"": 0.0, ""confidence"": [0.0, 0.7301340512159458], ""p_value"": 1.0, ""contingency"": [[0, 1], [541, 28009]]}",{}
325,NC00962.3,RIF-0.1-0.9,0.0,GARC1,RUS,RIF,rpoB@D363Y,U,{},"{""proportion"": 0.0, ""confidence"": [0.0, 0.7301340512159458], ""p_value"": 1.0, ""contingency"": [[0, 1], [541, 28009]]}",{}
326,NC00962.3,RIF-0.1-0.9,0.0,GARC1,RUS,RIF,rpoB@E1130V,U,{},"{""proportion"": 0.0, ""confidence"": [0.0, 0.7301340512159458], ""p_value"": 1.0, ""contingency"": [[0, 1], [541, 28009]]}",{}
327,NC00962.3,RIF-0.1-0.9,0.0,GARC1,RUS,RIF,rpoB@G426S,U,{},"{""proportion"": 0.0, ""confidence"": [0.0, 0.7301340512159458], ""p_value"": 1.0, ""contingency"": [[0, 1], [541, 28009]]}",{}
328,NC00962.3,RIF-0.1-0.9,0.0,GARC1,RUS,RIF,rpoB@G642S,U,{},"{""proportion"": 0.0, ""confidence"": [0.0, 0.7301340512159458], ""p_value"": 1.0, ""contingency"": [[0, 1], [541, 28009]]}",{}
329,NC00962.3,RIF-0.1-0.9,0.0,GARC1,RUS,RIF,rpoB@I751V,U,{},"{""proportion"": 0.0, ""confidence"": [0.0, 0.7301340512159458], ""p_value"": 1.0, ""contingency"": [[0, 1], [541, 28009]]}",{}
330,NC00962.3,RIF-0.1-0.9,0.0,GARC1,RUS,RIF,rpoB@A950V,U,{},"{""proportion"": 0.0, ""confidence"": [0.0, 0.7301340512159458], ""p_value"": 1.0, ""contingency"": [[0, 1], [541, 28009]]}",{}
331,NC00962.3,RIF-0.1-0.9,0.0,GARC1,RUS,RIF,rpoB@V351I,U,{},"{""proportion"": 0.0, ""confidence"": [0.0, 0.7301340512159458], ""p_value"": 1.0, ""contingency"": [[0, 1], [541, 28009]]}",{}
332,NC00962.3,RIF-0.1-0.9,0.0,GARC1,RUS,RIF,rpoB@A1002P,U,{},"{""proportion"": 0.0, ""confidence"": [0.0, 0.4741955741575127], ""p_value"": 1.0, ""contingency"": [[0, 3], [541, 28009]]}",{}
333,NC00962.3,RIF-0.1-0.9,0.0,GARC1,RUS,RIF,rpoB@P541L,U,{},"{""proportion"": 0.0, ""confidence"": [0.0, 0.7301340512159458], ""p_value"": 1.0, ""contingency"": [[0, 1], [541, 28009]]}",{}
334,NC00962.3,RIF-0.1-0.9,0.0,GARC1,RUS,RIF,rpoB@g-40c,U,{},"{""proportion"": 0.0, ""confidence"": [0.0, 0.7301340512159458], ""p_value"": 1.0, ""contingency"": [[0, 1], [541, 28009]]}",{}
336,NC00962.3,RIF-0.1-0.9,0.0,GARC1,RUS,RIF,rpoB@D955N,U,{},"{""proportion"": 0.0, ""confidence"": [0.0, 0.278762695452542], ""p_value"": 1.0, ""contingency"": [[0, 7], [541, 28009]]}",{}
337,NC00962.3,RIF-0.1-0.9,0.0,GARC1,RUS,RIF,rpoB@K37R,U,{},"{""proportion"": 0.0, ""confidence"": [0.0, 0.7301340512159458], ""p_value"": 1.0, ""contingency"": [[0, 1], [541, 28009]]}",{}
338,NC00962.3,RIF-0.1-0.9,0.0,GARC1,RUS,RIF,rpoB@E337K,U,{},"{""proportion"": 0.0, ""confidence"": [0.0, 0.7301340512159458], ""p_value"": 1.0, ""contingency"": [[0, 1], [541, 28009]]}",{}
339,NC00962.3,RIF-0.1-0.9,0.0,GARC1,RUS,RIF,rpoB@L1004I,U,{},"{""proportion"": 0.0, ""confidence"": [0.0, 0.7301340512159458], ""p_value"": 1.0, ""contingency"": [[0, 1], [541, 28009]]}",{}
340,NC00962.3,RIF-0.1-0.9,0.0,GARC1,RUS,RIF,rpoB@V44A,U,{},"{""proportion"": 0.0, ""confidence"": [0.0, 0.7301340512159458], ""p_value"": 1.0, ""contingency"": [[0, 1], [541, 28009]]}",{}
341,NC00962.3,RIF-0.1-0.9,0.0,GARC1,RUS,RIF,rpoB@N163K,U,{},"{""proportion"": 0.0, ""confidence"": [0.0, 0.7301340512159458], ""p_value"": 1.0, ""contingency"": [[0, 1], [541, 28009]]}",{}
342,NC00962.3,RIF-0.1-0.9,0.0,GARC1,RUS,RIF,rpoB@V895F,U,{},"{""proportion"": 0.0, ""confidence"": [0.0, 0.7301340512159458], ""p_value"": 1.0, ""contingency"": [[0, 1], [541, 28009]]}",{}
343,NC00962.3,RIF-0.1-0.9,0.0,GARC1,RUS,RIF,rpoB@K309E,U,{},"{""proportion"": 0.0, ""confidence"": [0.0, 0.7301340512159458], ""p_value"": 1.0, ""contingency"": [[0, 1], [541, 28009]]}",{}
344,NC00962.3,RIF-0.1-0.9,0.0,GARC1,RUS,RIF,rpoB@T9I,U,{},"{""proportion"": 0.0, ""confidence"": [0.0, 0.7301340512159458], ""p_value"": 1.0, ""contingency"": [[0, 1], [541, 28009]]}",{}
345,NC00962.3,RIF-0.1-0.9,0.0,GARC1,RUS,RIF,rpoB@N963D,U,{},"{""proportion"": 0.0, ""confidence"": [0.0, 0.7301340512159458], ""p_value"": 1.0, ""contingency"": [[0, 1], [541, 28009]]}",{}
346,NC00962.3,RIF-0.1-0.9,0.0,GARC1,RUS,RIF,rpoB@D520V,U,{},"{""proportion"": 0.0, ""confidence"": [0.0, 0.7301340512159458], ""p_value"": 1.0, ""contingency"": [[0, 1], [541, 28009]]}",{}
347,NC00962.3,RIF-0.1-0.9,0.0,GARC1,RUS,RIF,rpoB@G945R,U,{},"{""proportion"": 0.0, ""confidence"": [0.0, 0.7301340512159458], ""p_value"": 1.0, ""contingency"": [[0, 1], [541, 28009]]}",{}
348,NC00962.3,RIF-0.1-0.9,0.0,GARC1,RUS,RIF,rpoB@G560A,U,{},"{""proportion"": 0.0, ""confidence"": [0.0, 0.7301340512159458], ""p_value"": 1.0, ""contingency"": [[0, 1], [541, 28009]]}",{}
349,NC00962.3,RIF-0.1-0.9,0.0,GARC1,RUS,RIF,rpoB@D270E,U,{},"{""proportion"": 0.0, ""confidence"": [0.0, 0.5749693909936535], ""p_value"": 1.0, ""contingency"": [[0, 2], [541, 28009]]}",{}
350,NC00962.3,RIF-0.1-0.9,0.0,GARC1,RUS,RIF,rpoB@L879P,U,{},"{""proportion"": 0.0, ""confidence"": [0.0, 0.7301340512159458], ""p_value"": 1.0, ""contingency"": [[0, 1], [541, 28009]]}",{}
351,NC00962.3,RIF-0.1-0.9,0.0,GARC1,RUS,RIF,rpoB@T347I,U,{},"{""proportion"": 0.0, ""confidence"": [0.0, 0.7301340512159458], ""p_value"": 1.0, ""contingency"": [[0, 1], [541, 28009]]}",{}
352,NC00962.3,RIF-0.1-0.9,0.0,GARC1,RUS,RIF,rpoB@c-94t,U,{},"{""proportion"": 0.0, ""confidence"": [0.0, 0.7301340512159458], ""p_value"": 1.0, ""contingency"": [[0, 1], [541, 28009]]}",{}
353,NC00962.3,RIF-0.1-0.9,0.0,GARC1,RUS,RIF,rpoB@T653A,U,{},"{""proportion"": 0.0, ""confidence"": [0.0, 0.7301340512159458], ""p_value"": 1.0, ""contingency"": [[0, 1], [541, 28009]]}",{}
354,NC00962.3,RIF-0.1-0.9,0.0,GARC1,RUS,RIF,rpoB@a-53g,U,{},"{""proportion"": 0.0, ""confidence"": [0.0, 0.5749693909936535], ""p_value"": 1.0, ""contingency"": [[0, 2], [541, 28009]]}",{}
355,NC00962.3,RIF-0.1-0.9,0.0,GARC1,RUS,RIF,rpoB@V262A,U,{},"{""proportion"": 1.0, ""confidence"": [0.26986594878405434, 1.0000000000000002], ""p_value"": 0.1, ""contingency"": [[1, 0], [541, 28009]]}",{}
356,NC00962.3,RIF-0.1-0.9,0.0,GARC1,RUS,RIF,rpoB@A2T,U,{},"{""proportion"": 1.0, ""confidence"": [0.26986594878405434, 1.0000000000000002], ""p_value"": 0.1, ""contingency"": [[1, 0], [541, 28009]]}",{}
357,NC00962.3,RIF-0.1-0.9,0.0,GARC1,RUS,RIF,rpoB@A628G,U,{},"{""proportion"": 0.0, ""confidence"": [0.0, 0.7301340512159458], ""p_value"": 1.0, ""contingency"": [[0, 1], [541, 28009]]}",{}
358,NC00962.3,RIF-0.1-0.9,0.0,GARC1,RUS,RIF,rpoB@G546S,U,{},"{""proportion"": 0.0, ""confidence"": [0.0, 0.7301340512159458], ""p_value"": 1.0, ""contingency"": [[0, 1], [541, 28009]]}",{}
359,NC00962.3,RIF-0.1-0.9,0.0,GARC1,RUS,RIF,rpoB@T9P,U,{},"{""proportion"": 0.0, ""confidence"": [0.0, 0.21294197008340696], ""p_value"": 0.6125795109999999, ""contingency"": [[0, 10], [541, 28009]]}",{}
360,NC00962.3,RIF-0.1-0.9,0.0,GARC1,RUS,RIF,rpoB@P899A,U,{},"{""proportion"": 0.0, ""confidence"": [0.0, 0.7301340512159458], ""p_value"": 1.0, ""contingency"": [[0, 1], [541, 28009]]}",{}
361,NC00962.3,RIF-0.1-0.9,0.0,GARC1,RUS,RIF,rpoB@L815V,U,{},"{""proportion"": 0.0, ""confidence"": [0.0, 0.7301340512159458], ""p_value"": 1.0, ""contingency"": [[0, 1], [541, 28009]]}",{}
362,NC00962.3,RIF-0.1-0.9,0.0,GARC1,RUS,RIF,rpoB@E956D,U,{},"{""proportion"": 0.0, ""confidence"": [0.0, 0.7301340512159458], ""p_value"": 1.0, ""contingency"": [[0, 1], [541, 28009]]}",{}
364,NC00962.3,RIF-0.1-0.9,0.0,GARC1,RUS,RIF,rpoB@M666T,U,{},"{""proportion"": 0.0, ""confidence"": [0.0, 0.7301340512159458], ""p_value"": 1.0, ""contingency"": [[0, 1], [541, 28009]]}",{}
365,NC00962.3,RIF-0.1-0.9,0.0,GARC1,RUS,RIF,rpoB@R39S,U,{},"{""proportion"": 0.0, ""confidence"": [0.0, 0.7301340512159458], ""p_value"": 1.0, ""contingency"": [[0, 1], [541, 28009]]}",{}
366,NC00962.3,RIF-0.1-0.9,0.0,GARC1,RUS,RIF,rpoB@I910T,U,{},"{""proportion"": 0.0, ""confidence"": [0.0, 0.7301340512159458], ""p_value"": 1.0, ""contingency"": [[0, 1], [541, 28009]]}",{}
367,NC00962.3,RIF-0.1-0.9,0.0,GARC1,RUS,RIF,rpoB@R952G,U,{},"{""proportion"": 0.0, ""confidence"": [0.0, 0.7301340512159458], ""p_value"": 1.0, ""contingency"": [[0, 1], [541, 28009]]}",{}
368,NC00962.3,RIF-0.1-0.9,0.0,GARC1,RUS,RIF,rpoB@M121V,U,{},"{""proportion"": 0.0, ""confidence"": [0.0, 0.4741955741575127], ""p_value"": 1.0, ""contingency"": [[0, 3], [541, 28009]]}",{}
369,NC00962.3,RIF-0.1-0.9,0.0,GARC1,RUS,RIF,rpoB@S34A,U,{},"{""proportion"": 0.0, ""confidence"": [0.0, 0.7301340512159458], ""p_value"": 1.0, ""contingency"": [[0, 1], [541, 28009]]}",{}
370,NC00962.3,RIF-0.1-0.9,0.0,GARC1,RUS,RIF,rpoB@P954H,U,{},"{""proportion"": 0.0, ""confidence"": [0.0, 0.7301340512159458], ""p_value"": 1.0, ""contingency"": [[0, 1], [541, 28009]]}",{}
371,NC00962.3,RIF-0.1-0.9,0.0,GARC1,RUS,RIF,rpoB@A977V,U,{},"{""proportion"": 0.0, ""confidence"": [0.0, 0.7301340512159458], ""p_value"": 1.0, ""contingency"": [[0, 1], [541, 28009]]}",{}
372,NC00962.3,RIF-0.1-0.9,0.0,GARC1,RUS,RIF,rpoB@A857T,U,{},"{""proportion"": 0.0, ""confidence"": [0.0, 0.5749693909936535], ""p_value"": 1.0, ""contingency"": [[0, 2], [541, 28009]]}",{}
373,NC00962.3,RIF-0.1-0.9,0.0,GARC1,RUS,RIF,rpoB@V109I,U,{},"{""proportion"": 0.0, ""confidence"": [0.0, 0.7301340512159458], ""p_value"": 1.0, ""contingency"": [[0, 1], [541, 28009]]}",{}
374,NC00962.3,RIF-0.1-0.9,0.0,GARC1,RUS,RIF,rpoB@1295_del_aattca,U,{},"{""proportion"": 1.0, ""confidence"": [0.26986594878405434, 1.0000000000000002], ""p_value"": 0.1, ""contingency"": [[1, 0], [541, 28009]]}",{}
375,NC00962.3,RIF-0.1-0.9,0.0,GARC1,RUS,RIF,rpoB@V196A,U,{},"{""proportion"": 0.0, ""confidence"": [0.0, 0.7301340512159458], ""p_value"": 1.0, ""contingency"": [[0, 1], [541, 28009]]}",{}
376,NC00962.3,RIF-0.1-0.9,0.0,GARC1,RUS,RIF,rpoB@M707T,U,{},"{""proportion"": 1.0, ""confidence"": [0.26986594878405434, 1.0000000000000002], ""p_value"": 0.1, ""contingency"": [[1, 0], [541, 28009]]}",{}
377,NC00962.3,RIF-0.1-0.9,0.0,GARC1,RUS,RIF,rpoB@Q606K,U,{},"{""proportion"": 0.0, ""confidence"": [0.0, 0.4741955741575127], ""p_value"": 1.0, ""contingency"": [[0, 3], [541, 28009]]}",{}
378,NC00962.3,RIF-0.1-0.9,0.0,GARC1,RUS,RIF,rpoB@G693V,U,{},"{""proportion"": 0.0, ""confidence"": [0.0, 0.7301340512159458], ""p_value"": 1.0, ""contingency"": [[0, 1], [541, 28009]]}",{}
379,NC00962.3,RIF-0.1-0.9,0.0,GARC1,RUS,RIF,rpoB@D49H,U,{},"{""proportion"": 0.0, ""confidence"": [0.0, 0.7301340512159458], ""p_value"": 1.0, ""contingency"": [[0, 1], [541, 28009]]}",{}
380,NC00962.3,RIF-0.1-0.9,0.0,GARC1,RUS,RIF,rpoB@S1124A,U,{},"{""proportion"": 0.0, ""confidence"": [0.0, 0.5749693909936535], ""p_value"": 1.0, ""contingency"": [[0, 2], [541, 28009]]}",{}
381,NC00962.3,RIF-0.1-0.9,0.0,GARC1,RUS,RIF,rpoB@S12T,U,{},"{""proportion"": 0.0, ""confidence"": [0.0, 0.3511165007651012], ""p_value"": 1.0, ""contingency"": [[0, 5], [541, 28009]]}",{}
382,NC00962.3,RIF-0.1-0.9,0.0,GARC1,RUS,RIF,rpoB@P227Q,U,{},"{""proportion"": 0.0, ""confidence"": [0.0, 0.7301340512159458], ""p_value"": 1.0, ""contingency"": [[0, 1], [541, 28009]]}",{}
383,NC00962.3,RIF-0.1-0.9,0.0,GARC1,RUS,RIF,rpoB@D1006G,U,{},"{""proportion"": 0.0, ""confidence"": [0.0, 0.7301340512159458], ""p_value"": 1.0, ""contingency"": [[0, 1], [541, 28009]]}",{}
384,NC00962.3,RIF-0.1-0.9,0.0,GARC1,RUS,RIF,rpoB@A334D,U,{},"{""proportion"": 0.0, ""confidence"": [0.0, 0.7301340512159458], ""p_value"": 1.0, ""contingency"": [[0, 1], [541, 28009]]}",{}
385,NC00962.3,RIF-0.1-0.9,0.0,GARC1,RUS,RIF,rpoB@S195R,U,{},"{""proportion"": 0.0, ""confidence"": [0.0, 0.7301340512159458], ""p_value"": 1.0, ""contingency"": [[0, 1], [541, 28009]]}",{}
386,NC00962.3,RIF-0.1-0.9,0.0,GARC1,RUS,RIF,rpoB@E780A,U,{},"{""proportion"": 0.0, ""confidence"": [0.0, 0.5749693909936535], ""p_value"": 1.0, ""contingency"": [[0, 2], [541, 28009]]}",{}
387,NC00962.3,RIF-0.1-0.9,0.0,GARC1,RUS,RIF,rpoB@G981D,U,{},"{""proportion"": 1.0, ""confidence"": [0.26986594878405434, 1.0000000000000002], ""p_value"": 0.1, ""contingency"": [[1, 0], [541, 28009]]}",{}
388,NC00962.3,RIF-0.1-0.9,0.0,GARC1,RUS,RIF,rpoB@P682T,U,{},"{""proportion"": 0.0, ""confidence"": [0.0, 0.7301340512159458], ""p_value"": 1.0, ""contingency"": [[0, 1], [541, 28009]]}",{}
389,NC00962.3,RIF-0.1-0.9,0.0,GARC1,RUS,RIF,rpoB@D53N,U,{},"{""proportion"": 0.0, ""confidence"": [0.0, 0.40347862520270455], ""p_value"": 1.0, ""contingency"": [[0, 4], [541, 28009]]}",{}
390,NC00962.3,RIF-0.1-0.9,0.0,GARC1,RUS,RIF,rpoB@R661Q,U,{},"{""proportion"": 0.0, ""confidence"": [0.0, 0.5749693909936535], ""p_value"": 1.0, ""contingency"": [[0, 2], [541, 28009]]}",{}
391,NC00962.3,RIF-0.1-0.9,0.0,GARC1,RUS,RIF,rpoB@c-73t,U,{},"{""proportion"": 0.0, ""confidence"": [0.0, 0.7301340512159458], ""p_value"": 1.0, ""contingency"": [[0, 1], [541, 28009]]}",{}
392,NC00962.3,RIF-0.1-0.9,0.0,GARC1,RUS,RIF,rpoB@V1117L,U,{},"{""proportion"": 0.0, ""confidence"": [0.0, 0.7301340512159458], ""p_value"": 1.0, ""contingency"": [[0, 1], [541, 28009]]}",{}
393,NC00962.3,RIF-0.1-0.9,0.0,GARC1,RUS,RIF,rpoB@E639Q,U,{},"{""proportion"": 0.0, ""confidence"": [0.0, 0.7301340512159458], ""p_value"": 1.0, ""contingency"": [[0, 1], [541, 28009]]}",{}
394,NC00962.3,RIF-0.1-0.9,0.0,GARC1,RUS,RIF,rpoB@D362H,U,{},"{""proportion"": 0.0, ""confidence"": [0.0, 0.7301340512159458], ""p_value"": 1.0, ""contingency"": [[0, 1], [541, 28009]]}",{}
395,NC00962.3,RIF-0.1-0.9,0.0,GARC1,RUS,RIF,rpoB@S21F,U,{},"{""proportion"": 0.0, ""confidence"": [0.0, 0.7301340512159458], ""p_value"": 1.0, ""contingency"": [[0, 1], [541, 28009]]}",{}
396,NC00962.3,RIF-0.1-0.9,0.0,GARC1,RUS,RIF,rpoB@V77M,U,{},"{""proportion"": 0.0, ""confidence"": [0.0, 0.7301340512159458], ""p_value"": 1.0, ""contingency"": [[0, 1], [541, 28009]]}",{}
397,NC00962.3,RIF-0.1-0.9,0.0,GARC1,RUS,RIF,rpoB@R511L,U,{},"{""proportion"": 0.0, ""confidence"": [0.0, 0.7301340512159458], ""p_value"": 1.0, ""contingency"": [[0, 1], [541, 28009]]}",{}
398,NC00962.3,RIF-0.1-0.9,0.0,GARC1,RUS,RIF,rpoB@H674Q,U,{},"{""proportion"": 0.0, ""confidence"": [0.0, 0.7301340512159458], ""p_value"": 1.0, ""contingency"": [[0, 1], [541, 28009]]}",{}
399,NC00962.3,RIF-0.1-0.9,0.0,GARC1,RUS,RIF,rpoB@V179A,U,{},"{""proportion"": 0.0, ""confidence"": [0.0, 0.7301340512159458], ""p_value"": 1.0, ""contingency"": [[0, 1], [541, 28009]]}",{}
400,NC00962.3,RIF-0.1-0.9,0.0,GARC1,RUS,RIF,rpoB@E66K,U,{},"{""proportion"": 0.0, ""confidence"": [0.0, 0.5749693909936535], ""p_value"": 1.0, ""contingency"": [[0, 2], [541, 28009]]}",{}
401,NC00962.3,RIF-0.1-0.9,0.0,GARC1,RUS,RIF,rpoB@V1129A,U,{},"{""proportion"": 0.0, ""confidence"": [0.0, 0.7301340512159458], ""p_value"": 1.0, ""contingency"": [[0, 1], [541, 28009]]}",{}
402,NC00962.3,RIF-0.1-0.9,0.0,GARC1,RUS,RIF,rpoB@P834L,U,{},"{""proportion"": 0.0, ""confidence"": [0.0, 0.7301340512159458], ""p_value"": 1.0, ""contingency"": [[0, 1], [541, 28009]]}",{}
403,NC00962.3,RIF-0.1-0.9,0.0,GARC1,RUS,RIF,rpoB@E1169A,U,{},"{""proportion"": 0.0, ""confidence"": [0.0, 0.7301340512159458], ""p_value"": 1.0, ""contingency"": [[0, 1], [541, 28009]]}",{}
404,NC00962.3,RIF-0.1-0.9,0.0,GARC1,RUS,RIF,rpoB@V695G,U,{},"{""proportion"": 0.0, ""confidence"": [0.0, 0.7301340512159458], ""p_value"": 1.0, ""contingency"": [[0, 1], [541, 28009]]}",{}
405,NC00962.3,RIF-0.1-0.9,0.0,GARC1,RUS,RIF,rpoB@L314V,U,{},"{""proportion"": 0.0, ""confidence"": [0.0, 0.7301340512159458], ""p_value"": 1.0, ""contingency"": [[0, 1], [541, 28009]]}",{}
406,NC00962.3,RIF-0.1-0.9,0.0,GARC1,RUS,RIF,rpoB@N24D,U,{},"{""proportion"": 0.0, ""confidence"": [0.0, 0.7301340512159458], ""p_value"": 1.0, ""contingency"": [[0, 1], [541, 28009]]}",{}
407,NC00962.3,RIF-0.1-0.9,0.0,GARC1,RUS,RIF,rpoB@g-96a,U,{},"{""proportion"": 0.0, ""confidence"": [0.0, 0.7301340512159458], ""p_value"": 1.0, ""contingency"": [[0, 1], [541, 28009]]}",{}
408,NC00962.3,RIF-0.1-0.9,0.0,GARC1,RUS,RIF,rpoB@V170Z,U,{},"{""proportion"": 0.0, ""confidence"": [0.0, 0.7301340512159458], ""p_value"": 1.0, ""contingency"": [[0, 1], [541, 28009]]}",{}
409,NC00962.3,RIF-0.1-0.9,0.0,GARC1,RUS,RIF,rpoB@L893R,U,{},"{""proportion"": 0.0, ""confidence"": [0.0, 0.5749693909936535], ""p_value"": 1.0, ""contingency"": [[0, 2], [541, 28009]]}",{}
410,NC00962.3,RIF-0.1-0.9,0.0,GARC1,RUS,RIF,rpoB@M387I,U,{},"{""proportion"": 0.0, ""confidence"": [0.0, 0.7301340512159458], ""p_value"": 1.0, ""contingency"": [[0, 1], [541, 28009]]}",{}
411,NC00962.3,RIF-0.1-0.9,0.0,GARC1,RUS,RIF,rpoB@E825G,U,{},"{""proportion"": 0.0, ""confidence"": [0.0, 0.7301340512159458], ""p_value"": 1.0, ""contingency"": [[0, 1], [541, 28009]]}",{}
412,NC00962.3,RIF-0.1-0.9,0.0,GARC1,RUS,RIF,rpoB@P30S,U,{},"{""proportion"": 0.0, ""confidence"": [0.0, 0.5749693909936535], ""p_value"": 1.0, ""contingency"": [[0, 2], [541, 28009]]}",{}
413,NC00962.3,RIF-0.1-0.9,0.0,GARC1,RUS,RIF,rpoB@A544V,U,{},"{""proportion"": 0.0, ""confidence"": [0.0, 0.7301340512159458], ""p_value"": 1.0, ""contingency"": [[0, 1], [541, 28009]]}",{}
414,NC00962.3,RIF-0.1-0.9,0.0,GARC1,RUS,RIF,rpoB@S441Z,U,{},"{""proportion"": 0.0, ""confidence"": [0.0, 0.5749693909936535], ""p_value"": 1.0, ""contingency"": [[0, 2], [541, 28009]]}",{}
415,NC00962.3,RIF-0.1-0.9,0.0,GARC1,RUS,RIF,rpoB@M153T,U,{},"{""proportion"": 0.0, ""confidence"": [0.0, 0.5749693909936535], ""p_value"": 1.0, ""contingency"": [[0, 2], [541, 28009]]}",{}
416,NC00962.3,RIF-0.1-0.9,0.0,GARC1,RUS,RIF,rpoB@D851G,U,{},"{""proportion"": 0.0, ""confidence"": [0.0, 0.7301340512159458], ""p_value"": 1.0, ""contingency"": [[0, 1], [541, 28009]]}",{}
417,NC00962.3,RIF-0.1-0.9,0.0,GARC1,RUS,RIF,rpoB@D545A,U,{},"{""proportion"": 0.0, ""confidence"": [0.0, 0.7301340512159458], ""p_value"": 1.0, ""contingency"": [[0, 1], [541, 28009]]}",{}
418,NC00962.3,RIF-0.1-0.9,0.0,GARC1,RUS,RIF,rpoB@1278_del_caccagcca,U,{},"{""proportion"": 1.0, ""confidence"": [0.26986594878405434, 1.0000000000000002], ""p_value"": 0.1, ""contingency"": [[1, 0], [541, 28009]]}",{}
419,NC00962.3,RIF-0.1-0.9,0.0,GARC1,RUS,RIF,rpoB@T526S,U,{},"{""proportion"": 0.0, ""confidence"": [0.0, 0.7301340512159458], ""p_value"": 1.0, ""contingency"": [[0, 1], [541, 28009]]}",{}
420,NC00962.3,RIF-0.1-0.9,0.0,GARC1,RUS,RIF,rpoB@H1036P,U,{},"{""proportion"": 0.0, ""confidence"": [0.0, 0.7301340512159458], ""p_value"": 1.0, ""contingency"": [[0, 1], [541, 28009]]}",{}
421,NC00962.3,RIF-0.1-0.9,0.0,GARC1,RUS,RIF,rpoB@I491Z,U,{},"{""proportion"": 0.0, ""confidence"": [0.0, 0.7301340512159458], ""p_value"": 1.0, ""contingency"": [[0, 1], [541, 28009]]}",{}
422,NC00962.3,RIF-0.1-0.9,0.0,GARC1,RUS,RIF,rpoB@G236D,U,{},"{""proportion"": 0.0, ""confidence"": [0.0, 0.7301340512159458], ""p_value"": 1.0, ""contingency"": [[0, 1], [541, 28009]]}",{}
423,NC00962.3,RIF-0.1-0.9,0.0,GARC1,RUS,RIF,rpoB@P89S,U,{},"{""proportion"": 0.0, ""confidence"": [0.0, 0.7301340512159458], ""p_value"": 1.0, ""contingency"": [[0, 1], [541, 28009]]}",{}
424,NC00962.3,RIF-0.1-0.9,0.0,GARC1,RUS,RIF,rpoB@A1002D,U,{},"{""proportion"": 0.0, ""confidence"": [0.0, 0.7301340512159458], ""p_value"": 1.0, ""contingency"": [[0, 1], [541, 28009]]}",{}
425,NC00962.3,RIF-0.1-0.9,0.0,GARC1,RUS,RIF,rpoB@P906L,U,{},"{""proportion"": 0.0, ""confidence"": [0.0, 0.7301340512159458], ""p_value"": 1.0, ""contingency"": [[0, 1], [541, 28009]]}",{}
426,NC00962.3,RIF-0.1-0.9,0.0,GARC1,RUS,RIF,rpoB@I506V,U,{},"{""proportion"": 0.0, ""confidence"": [0.0, 0.5749693909936535], ""p_value"": 1.0, ""contingency"": [[0, 2], [541, 28009]]}",{}
427,NC00962.3,RIF-0.1-0.9,0.0,GARC1,RUS,RIF,rpoB@V549I,U,{},"{""proportion"": 0.0, ""confidence"": [0.0, 0.7301340512159458], ""p_value"": 1.0, ""contingency"": [[0, 1], [541, 28009]]}",{}
428,NC00962.3,RIF-0.1-0.9,0.0,GARC1,RUS,RIF,rpoB@D993G,U,{},"{""proportion"": 0.0, ""confidence"": [0.0, 0.7301340512159458], ""p_value"": 1.0, ""contingency"": [[0, 1], [541, 28009]]}",{}
429,NC00962.3,RIF-0.1-0.9,0.0,GARC1,RUS,RIF,rpoB@L452M,U,{},"{""proportion"": 0.0, ""confidence"": [0.0, 0.7301340512159458], ""p_value"": 1.0, ""contingency"": [[0, 1], [541, 28009]]}",{}
430,NC00962.3,RIF-0.1-0.9,0.0,GARC1,RUS,RIF,rpoB@P719S,U,{},"{""proportion"": 0.0, ""confidence"": [0.0, 0.7301340512159458], ""p_value"": 1.0, ""contingency"": [[0, 1], [541, 28009]]}",{}
431,NC00962.3,RIF-0.1-0.9,0.0,GARC1,RUS,RIF,rpoB@R952K,U,{},"{""proportion"": 0.0, ""confidence"": [0.0, 0.7301340512159458], ""p_value"": 1.0, ""contingency"": [[0, 1], [541, 28009]]}",{}
432,NC00962.3,RIF-0.1-0.9,0.0,GARC1,RUS,RIF,rpoB@M154I,U,{},"{""proportion"": 0.0, ""confidence"": [0.0, 0.7301340512159458], ""p_value"": 1.0, ""contingency"": [[0, 1], [541, 28009]]}",{}
433,NC00962.3,RIF-0.1-0.9,0.0,GARC1,RUS,RIF,rpoB@H935R,U,{},"{""proportion"": 0.0, ""confidence"": [0.0, 0.7301340512159458], ""p_value"": 1.0, ""contingency"": [[0, 1], [541, 28009]]}",{}
434,NC00962.3,RIF-0.1-0.9,0.0,GARC1,RUS,RIF,rpoB@P509S,U,{},"{""proportion"": 0.0, ""confidence"": [0.0, 0.7301340512159458], ""p_value"": 1.0, ""contingency"": [[0, 1], [541, 28009]]}",{}
435,NC00962.3,RIF-0.1-0.9,0.0,GARC1,RUS,RIF,rpoB@1333_del_cacaag,U,{},"{""proportion"": 1.0, ""confidence"": [0.26986594878405434, 1.0000000000000002], ""p_value"": 0.1, ""contingency"": [[1, 0], [541, 28009]]}",{}
436,NC00962.3,RIF-0.1-0.9,0.0,GARC1,RUS,RIF,rpoB@1309_del_aacaac,U,{},"{""proportion"": 1.0, ""confidence"": [0.26986594878405434, 1.0000000000000002], ""p_value"": 0.1, ""contingency"": [[1, 0], [541, 28009]]}",{}
437,NC00962.3,RIF-0.1-0.9,0.0,GARC1,RUS,RIF,rpoB@E156G,U,{},"{""proportion"": 0.0, ""confidence"": [0.0, 0.7301340512159458], ""p_value"": 1.0, ""contingency"": [[0, 1], [541, 28009]]}",{}
438,NC00962.3,RIF-0.1-0.9,0.0,GARC1,RUS,RIF,rpoB@E639A,U,{},"{""proportion"": 0.0, ""confidence"": [0.0, 0.7301340512159458], ""p_value"": 1.0, ""contingency"": [[0, 1], [541, 28009]]}",{}
439,NC00962.3,RIF-0.1-0.9,0.0,GARC1,RUS,RIF,rpoB@D997N,U,{},"{""proportion"": 0.0, ""confidence"": [0.0, 0.7301340512159458], ""p_value"": 1.0, ""contingency"": [[0, 1], [541, 28009]]}",{}
440,NC00962.3,RIF-0.1-0.9,0.0,GARC1,RUS,RIF,rpoB@R105C,U,{},"{""proportion"": 0.0, ""confidence"": [0.0, 0.7301340512159458], ""p_value"": 1.0, ""contingency"": [[0, 1], [541, 28009]]}",{}
441,NC00962.3,RIF-0.1-0.9,0.0,GARC1,RUS,RIF,rpoB@V1168A,U,{},"{""proportion"": 0.0, ""confidence"": [0.0, 0.7301340512159458], ""p_value"": 1.0, ""contingency"": [[0, 1], [541, 28009]]}",{}
442,NC00962.3,RIF-0.1-0.9,0.0,GARC1,RUS,RIF,rpoB@S1161F,U,{},"{""proportion"": 0.0, ""confidence"": [0.0, 0.7301340512159458], ""p_value"": 1.0, ""contingency"": [[0, 1], [541, 28009]]}",{}
443,NC00962.3,RIF-0.1-0.9,0.0,GARC1,RUS,RIF,rpoB@I652L,U,{},"{""proportion"": 0.5, ""confidence"": [0.12086631942227369, 0.8791336805777263], ""p_value"": 0.19000000000000003, ""contingency"": [[1, 1], [541, 28009]]}",{}
444,NC00962.3,RIF-0.1-0.9,0.0,GARC1,RUS,RIF,rpoB@S22L,U,{},"{""proportion"": 1.0, ""confidence"": [0.26986594878405434, 1.0000000000000002], ""p_value"": 0.1, ""contingency"": [[1, 0], [541, 28009]]}",{}
446,NC00962.3,RIF-0.1-0.9,0.0,GARC1,RUS,RIF,rpoB@-*_indel,U,{},"{""default_rule"": ""True""}",{}
447,NC00962.3,RIF-0.1-0.9,0.0,GARC1,RUS,RIF,rpoB@*_indel,U,{},"{""default_rule"": ""True""}",{}
448,NC00962.3,RIF-0.1-0.9,0.0,GARC1,RUS,RIF,rpoB@-*?,U,{},"{""default_rule"": ""True""}",{}
449,NC00962.3,RIF-0.1-0.9,0.0,GARC1,RUS,RIF,rpoB@*?,U,{},"{""default_rule"": ""True""}",{}
450,NC00962.3,RIF-0.1-0.9,0.0,GARC1,RUS,RIF,rpoB@del_0.0,U,{},"{""default_rule"": ""True""}",{}
