,Unnamed: 0,GENBANK_REFERENCE,CATALOGUE_NAME,CATALOGUE_VERSION,CATALOGUE_GRAMMAR,PREDICTION_VALUES,DRUG,MUTATION,PREDICTION,SOURCE,EVIDENCE,OTHER
0,,NC_000962.3,WHO-UCN-GTB-PCI-2023.5,2.0,GARC1,RFUS,DLM,placeholder@A1A,R,{},"{""0"":[""expanded_rule""],""1"":[""expanded_rule""],""2"":[""expanded_rule""],""3"":[""expanded_rule""],""4"":[""expanded_rule""],""5"":[""expanded_rule""],""6"":[""expanded_rule""],""7"":[""expanded_rule""],""8"":[""expanded_rule""],""9"":[""expanded_rule""],""10"":[""expanded_rule""],""11"":[""expanded_rule""],""12"":[""expanded_rule""],""13"":[""expanded_rule""],""14"":[""expanded_rule""]}",{}
1,,NC_000962.3,WHO-UCN-GTB-PCI-2023.5,2.0,GARC1,RFUS,DLM,placeholder@A1A,F,{},"{""0"":[""expanded_rule""],""1"":[""expanded_rule""],""2"":[""expanded_rule""],""3"":[""expanded_rule""],""4"":[""expanded_rule""],""5"":[""expanded_rule""],""6"":[""expanded_rule""],""7"":[""expanded_rule""],""8"":[""expanded_rule""],""9"":[""expanded_rule""],""10"":[""expanded_rule""],""11"":[""expanded_rule""],""12"":[""expanded_rule""],""13"":[""expanded_rule""],""14"":[""expanded_rule""]}",{}
2,,NC_000962.3,WHO-UCN-GTB-PCI-2023.5,2.0,GARC1,RFUS,DLM,placeholder@A1A,S,{},"{""0"":[""expanded_rule""],""1"":[""expanded_rule""],""2"":[""expanded_rule""],""3"":[""expanded_rule""],""4"":[""expanded_rule""],""5"":[""expanded_rule""],""6"":[""expanded_rule""],""7"":[""expanded_rule""],""8"":[""expanded_rule""],""9"":[""expanded_rule""],""10"":[""expanded_rule""],""11"":[""expanded_rule""],""12"":[""expanded_rule""],""13"":[""expanded_rule""],""14"":[""expanded_rule""]}",{}
3,,NC_000962.3,WHO-UCN-GTB-PCI-2023.5,2.0,GARC1,RFUS,DLM,Rv2983@*?,U,{},"{""0"":[""expanded_rule""],""1"":[""expanded_rule""],""2"":[""expanded_rule""],""3"":[""expanded_rule""],""4"":[""expanded_rule""],""5"":[""expanded_rule""],""6"":[""expanded_rule""],""7"":[""expanded_rule""],""8"":[""expanded_rule""],""9"":[""expanded_rule""],""10"":[""expanded_rule""],""11"":[""expanded_rule""],""12"":[""expanded_rule""],""13"":[""expanded_rule""],""14"":[""expanded_rule""]}",{}
4,,NC_000962.3,WHO-UCN-GTB-PCI-2023.5,2.0,GARC1,RFUS,DLM,Rv2983@-*?,U,{},"{""0"":[""expanded_rule""],""1"":[""expanded_rule""],""2"":[""expanded_rule""],""3"":[""expanded_rule""],""4"":[""expanded_rule""],""5"":[""expanded_rule""],""6"":[""expanded_rule""],""7"":[""expanded_rule""],""8"":[""expanded_rule""],""9"":[""expanded_rule""],""10"":[""expanded_rule""],""11"":[""expanded_rule""],""12"":[""expanded_rule""],""13"":[""expanded_rule""],""14"":[""expanded_rule""]}",{}
5,,NC_000962.3,WHO-UCN-GTB-PCI-2023.5,2.0,GARC1,RFUS,DLM,fbiC@*?,U,{},"{""0"":[""expanded_rule""],""1"":[""expanded_rule""],""2"":[""expanded_rule""],""3"":[""expanded_rule""],""4"":[""expanded_rule""],""5"":[""expanded_rule""],""6"":[""expanded_rule""],""7"":[""expanded_rule""],""8"":[""expanded_rule""],""9"":[""expanded_rule""],""10"":[""expanded_rule""],""11"":[""expanded_rule""],""12"":[""expanded_rule""],""13"":[""expanded_rule""],""14"":[""expanded_rule""]}",{}
6,,NC_000962.3,WHO-UCN-GTB-PCI-2023.5,2.0,GARC1,RFUS,DLM,fbiC@-*?,U,{},"{""0"":[""expanded_rule""],""1"":[""expanded_rule""],""2"":[""expanded_rule""],""3"":[""expanded_rule""],""4"":[""expanded_rule""],""5"":[""expanded_rule""],""6"":[""expanded_rule""],""7"":[""expanded_rule""],""8"":[""expanded_rule""],""9"":[""expanded_rule""],""10"":[""expanded_rule""],""11"":[""expanded_rule""],""12"":[""expanded_rule""],""13"":[""expanded_rule""],""14"":[""expanded_rule""]}",{}
7,,NC_000962.3,WHO-UCN-GTB-PCI-2023.5,2.0,GARC1,RFUS,DLM,fbiB@*?,U,{},"{""0"":[""expanded_rule""],""1"":[""expanded_rule""],""2"":[""expanded_rule""],""3"":[""expanded_rule""],""4"":[""expanded_rule""],""5"":[""expanded_rule""],""6"":[""expanded_rule""],""7"":[""expanded_rule""],""8"":[""expanded_rule""],""9"":[""expanded_rule""],""10"":[""expanded_rule""],""11"":[""expanded_rule""],""12"":[""expanded_rule""],""13"":[""expanded_rule""],""14"":[""expanded_rule""]}",{}
8,,NC_000962.3,WHO-UCN-GTB-PCI-2023.5,2.0,GARC1,RFUS,DLM,fbiB@-*?,U,{},"{""0"":[""expanded_rule""],""1"":[""expanded_rule""],""2"":[""expanded_rule""],""3"":[""expanded_rule""],""4"":[""expanded_rule""],""5"":[""expanded_rule""],""6"":[""expanded_rule""],""7"":[""expanded_rule""],""8"":[""expanded_rule""],""9"":[""expanded_rule""],""10"":[""expanded_rule""],""11"":[""expanded_rule""],""12"":[""expanded_rule""],""13"":[""expanded_rule""],""14"":[""expanded_rule""]}",{}
9,,NC_000962.3,WHO-UCN-GTB-PCI-2023.5,2.0,GARC1,RFUS,DLM,fbiA@*?,U,{},"{""0"":[""expanded_rule""],""1"":[""expanded_rule""],""2"":[""expanded_rule""],""3"":[""expanded_rule""],""4"":[""expanded_rule""],""5"":[""expanded_rule""],""6"":[""expanded_rule""],""7"":[""expanded_rule""],""8"":[""expanded_rule""],""9"":[""expanded_rule""],""10"":[""expanded_rule""],""11"":[""expanded_rule""],""12"":[""expanded_rule""],""13"":[""expanded_rule""],""14"":[""expanded_rule""]}",{}
10,,NC_000962.3,WHO-UCN-GTB-PCI-2023.5,2.0,GARC1,RFUS,DLM,fbiA@-*?,U,{},"{""0"":[""expanded_rule""],""1"":[""expanded_rule""],""2"":[""expanded_rule""],""3"":[""expanded_rule""],""4"":[""expanded_rule""],""5"":[""expanded_rule""],""6"":[""expanded_rule""],""7"":[""expanded_rule""],""8"":[""expanded_rule""],""9"":[""expanded_rule""],""10"":[""expanded_rule""],""11"":[""expanded_rule""],""12"":[""expanded_rule""],""13"":[""expanded_rule""],""14"":[""expanded_rule""]}",{}
11,,NC_000962.3,WHO-UCN-GTB-PCI-2023.5,2.0,GARC1,RFUS,DLM,fgd1@*?,U,{},"{""0"":[""expanded_rule""],""1"":[""expanded_rule""],""2"":[""expanded_rule""],""3"":[""expanded_rule""],""4"":[""expanded_rule""],""5"":[""expanded_rule""],""6"":[""expanded_rule""],""7"":[""expanded_rule""],""8"":[""expanded_rule""],""9"":[""expanded_rule""],""10"":[""expanded_rule""],""11"":[""expanded_rule""],""12"":[""expanded_rule""],""13"":[""expanded_rule""],""14"":[""expanded_rule""]}",{}
12,,NC_000962.3,WHO-UCN-GTB-PCI-2023.5,2.0,GARC1,RFUS,DLM,fgd1@-*?,U,{},"{""0"":[""expanded_rule""],""1"":[""expanded_rule""],""2"":[""expanded_rule""],""3"":[""expanded_rule""],""4"":[""expanded_rule""],""5"":[""expanded_rule""],""6"":[""expanded_rule""],""7"":[""expanded_rule""],""8"":[""expanded_rule""],""9"":[""expanded_rule""],""10"":[""expanded_rule""],""11"":[""expanded_rule""],""12"":[""expanded_rule""],""13"":[""expanded_rule""],""14"":[""expanded_rule""]}",{}
13,,NC_000962.3,WHO-UCN-GTB-PCI-2023.5,2.0,GARC1,RFUS,DLM,ddn@*?,U,{},"{""0"":[""expanded_rule""],""1"":[""expanded_rule""],""2"":[""expanded_rule""],""3"":[""expanded_rule""],""4"":[""expanded_rule""],""5"":[""expanded_rule""],""6"":[""expanded_rule""],""7"":[""expanded_rule""],""8"":[""expanded_rule""],""9"":[""expanded_rule""],""10"":[""expanded_rule""],""11"":[""expanded_rule""],""12"":[""expanded_rule""],""13"":[""expanded_rule""],""14"":[""expanded_rule""]}",{}
14,,NC_000962.3,WHO-UCN-GTB-PCI-2023.5,2.0,GARC1,RFUS,DLM,ddn@-*?,U,{},"{""0"":[""expanded_rule""],""1"":[""expanded_rule""],""2"":[""expanded_rule""],""3"":[""expanded_rule""],""4"":[""expanded_rule""],""5"":[""expanded_rule""],""6"":[""expanded_rule""],""7"":[""expanded_rule""],""8"":[""expanded_rule""],""9"":[""expanded_rule""],""10"":[""expanded_rule""],""11"":[""expanded_rule""],""12"":[""expanded_rule""],""13"":[""expanded_rule""],""14"":[""expanded_rule""]}",{}
